-- phpMyAdmin SQL Dump
-- version 4.6.6
-- https://www.phpmyadmin.net/
--
-- Servidor: localhost
-- Tiempo de generación: 31-10-2019 a las 22:15:39
-- Versión del servidor: 5.7.17-log
-- Versión de PHP: 5.6.30

SET SQL_MODE = "NO_AUTO_VALUE_ON_ZERO";
SET time_zone = "+00:00";


/*!40101 SET @OLD_CHARACTER_SET_CLIENT=@@CHARACTER_SET_CLIENT */;
/*!40101 SET @OLD_CHARACTER_SET_RESULTS=@@CHARACTER_SET_RESULTS */;
/*!40101 SET @OLD_COLLATION_CONNECTION=@@COLLATION_CONNECTION */;
/*!40101 SET NAMES utf8mb4 */;

--
-- Base de datos: `stock`
--

-- --------------------------------------------------------

--
-- Estructura de tabla para la tabla `detalle_ventas`
--

CREATE TABLE `detalle_ventas` (
  `id` int(11) NOT NULL,
  `id_venta` int(11) NOT NULL,
  `id_producto` int(11) NOT NULL,
  `cantidad` int(11) NOT NULL,
  `precio` float NOT NULL,
  `total` float NOT NULL
) ENGINE=MyISAM DEFAULT CHARSET=latin1;

--
-- Volcado de datos para la tabla `detalle_ventas`
--

INSERT INTO `detalle_ventas` (`id`, `id_venta`, `id_producto`, `cantidad`, `precio`, `total`) VALUES
(1162, 153, 355, 1, 700, 700),
(1161, 153, 523, 1, 550, 550),
(1160, 153, 298, 1, 235, 235),
(1159, 153, 414, 1, 500, 500),
(1158, 153, 123, 3, 360, 1080),
(1157, 153, 147, 1, 1110, 1110),
(1156, 153, 463, 1, 3000, 3000),
(1155, 153, 298, 1, 235, 235),
(1154, 153, 195, 1, 225, 225),
(1153, 153, 26, 1, 360, 360),
(1152, 153, 11, 1, 1850, 1850),
(1151, 153, 35, 1, 1110, 1110),
(1150, 153, 455, 1, 2900, 2900),
(1149, 153, 621, 1, 1300, 1300),
(1148, 153, 428, 1, 1950, 1950),
(1147, 153, 338, 1, 900, 900),
(1146, 153, 633, 1, 1800, 1800),
(1145, 153, 123, 1, 360, 360),
(1144, 153, 147, 1, 1110, 1110),
(1143, 153, 26, 1, 360, 360),
(1142, 153, 22, 1, 430, 430),
(1141, 153, 261, 2, 300, 600),
(1140, 153, 353, 1, 1480, 1480),
(1139, 153, 117, 1, 550, 550),
(1138, 153, 597, 1, 2550, 2550),
(1137, 152, 538, 1, 750, 750),
(1136, 152, 486, 1, 1400, 1400),
(1135, 152, 12, 1, 1400, 1400),
(1134, 152, 51, 3, 180, 540),
(1133, 152, 50, 3, 180, 540),
(1132, 152, 219, 1, 1450, 1450),
(1131, 152, 473, 1, 1100, 1100),
(1130, 152, 596, 1, 3360, 3360),
(1129, 152, 169, 1, 290, 290),
(1128, 152, 558, 1, 1600, 1600),
(1127, 152, 26, 1, 320, 320),
(1126, 152, 11, 1, 1650, 1650),
(1125, 152, 386, 1, 1325, 1325),
(1124, 152, 169, 1, 290, 290),
(1123, 152, 415, 1, 420, 420),
(1122, 152, 426, 1, 1150, 1150),
(1121, 151, 525, 1, 1320, 1320),
(1120, 151, 633, 1, 1800, 1800),
(1119, 151, 195, 1, 225, 225),
(1118, 151, 14, 1, 350, 350),
(1117, 151, 496, 1, 850, 850),
(1116, 151, 193, 1, 94, 94),
(1115, 151, 197, 1, 157, 157),
(1114, 151, 313, 1, 1530, 1530),
(1113, 151, 79, 1, 1990, 1990),
(1112, 151, 117, 1, 490, 490),
(1111, 151, 267, 1, 150, 150),
(1110, 150, 596, 1, 3360, 3360),
(1109, 149, 434, 1, 1200, 1200),
(1108, 149, 117, 1, 490, 490),
(1107, 149, 12, 1, 1400, 1400),
(1106, 149, 195, 1, 225, 225),
(1105, 149, 338, 1, 900, 900),
(1104, 149, 486, 1, 1400, 1400),
(1103, 149, 169, 1, 290, 290),
(1102, 149, 415, 1, 420, 420),
(1101, 149, 336, 1, 690, 690),
(1100, 149, 635, 1, 780, 780),
(1099, 148, 13, 1, 1100, 1100),
(1098, 148, 491, 1, 1120, 1120),
(1097, 148, 14, 1, 350, 350),
(1096, 148, 16, 1, 580, 580),
(1095, 148, 352, 1, 1240, 1240),
(1094, 148, 123, 1, 315, 315),
(1093, 148, 146, 1, 990, 990),
(1092, 148, 229, 1, 110, 110),
(1091, 148, 169, 2, 290, 580),
(1090, 148, 635, 1, 780, 780),
(1089, 147, 147, 1, 990, 990),
(1088, 147, 267, 1, 150, 150),
(1087, 147, 195, 1, 225, 225),
(1086, 147, 169, 1, 290, 290),
(1085, 147, 632, 1, 1300, 1300),
(1084, 147, 386, 1, 1325, 1325),
(1083, 146, 169, 1, 290, 290),
(1082, 146, 415, 1, 420, 420),
(1081, 146, 12, 1, 1400, 1400),
(1080, 146, 123, 1, 315, 315),
(1079, 146, 147, 1, 990, 990),
(1078, 146, 14, 1, 350, 350),
(1077, 146, 265, 2, 230, 460),
(1076, 146, 117, 1, 490, 490),
(1075, 146, 26, 1, 320, 320),
(1074, 146, 298, 1, 235, 235),
(1073, 146, 146, 1, 990, 990),
(1072, 146, 418, 1, 120, 120),
(1071, 146, 434, 1, 1200, 1200),
(1070, 146, 323, 1, 1800, 1800),
(1069, 146, 11, 1, 1650, 1650),
(1068, 146, 505, 1, 1800, 1800),
(1067, 145, 252, 1, 350, 350),
(1066, 145, 259, 1, 100, 100),
(1065, 145, 229, 1, 110, 110),
(1064, 145, 355, 1, 700, 700),
(1063, 145, 208, 1, 715, 715),
(1062, 145, 80, 1, 1100, 1100),
(1061, 145, 275, 2, 170, 340),
(1060, 145, 176, 1, 245, 245),
(1059, 145, 68, 1, 2280, 2280),
(1058, 145, 525, 1, 1320, 1320),
(1057, 145, 50, 4, 180, 720),
(1056, 145, 169, 1, 290, 290),
(1055, 145, 414, 1, 500, 500),
(1054, 145, 491, 1, 1120, 1120),
(1053, 145, 532, 1, 2750, 2750),
(1052, 145, 11, 1, 1650, 1650),
(1051, 145, 89, 1, 210, 210),
(1050, 145, 486, 1, 1400, 1400),
(1049, 145, 172, 1, 1320, 1320),
(1048, 145, 84, 1, 1199, 1199),
(1047, 144, 346, 1, 430, 430),
(1046, 144, 232, 1, 890, 890),
(1045, 144, 558, 1, 1600, 1600),
(1044, 144, 76, 1, 1390, 1390),
(1043, 144, 174, 1, 650, 650),
(1042, 144, 577, 1, 230, 230),
(1041, 144, 195, 1, 225, 225),
(1040, 144, 174, 1, 650, 650),
(1039, 144, 50, 1, 180, 180),
(1038, 144, 309, 1, 1199, 1199),
(1037, 144, 26, 1, 320, 320),
(1036, 144, 70, 1, 1050, 1050),
(1035, 144, 404, 1, 200, 200),
(1034, 144, 50, 2, 180, 360),
(1033, 144, 80, 1, 1100, 1100),
(1032, 144, 219, 1, 1450, 1450),
(1031, 144, 50, 6, 180, 1080),
(1030, 144, 561, 1, 2700, 2700),
(1029, 144, 577, 1, 230, 230),
(1028, 144, 298, 1, 235, 235),
(1027, 144, 195, 1, 225, 225),
(1026, 144, 169, 1, 290, 290),
(1025, 144, 428, 1, 1950, 1950),
(1024, 144, 103, 1, 220, 220),
(1023, 144, 267, 1, 150, 150),
(1022, 144, 14, 1, 350, 350),
(1021, 144, 309, 1, 1199, 1199),
(1020, 144, 181, 1, 360, 360),
(1019, 144, 277, 1, 120, 120),
(1018, 144, 531, 1, 2950, 2950),
(1017, 144, 514, 1, 650, 650),
(1016, 144, 304, 1, 2570, 2570),
(1015, 144, 624, 1, 3360, 3360),
(1014, 144, 229, 1, 110, 110),
(1013, 144, 380, 1, 172, 172),
(1012, 144, 559, 1, 800, 800),
(1011, 144, 422, 1, 3780, 3780),
(1010, 144, 237, 1, 890, 890),
(1009, 144, 176, 1, 245, 245),
(1008, 144, 11, 1, 1650, 1650),
(1007, 144, 531, 1, 2950, 2950),
(1006, 144, 403, 1, 290, 290),
(1005, 144, 386, 1, 1325, 1325),
(1004, 144, 426, 1, 1150, 1150),
(1003, 144, 195, 1, 225, 225),
(1002, 144, 50, 2, 180, 360),
(1001, 144, 525, 1, 1320, 1320),
(1000, 144, 531, 1, 2950, 2950),
(999, 144, 624, 1, 3360, 3360),
(998, 144, 236, 1, 550, 550),
(997, 144, 229, 1, 110, 110),
(996, 144, 50, 2, 180, 360),
(995, 144, 331, 1, 180, 180),
(994, 144, 73, 1, 1455, 1455),
(993, 144, 628, 1, 995, 995),
(992, 144, 169, 1, 290, 290),
(991, 144, 555, 1, 1950, 1950),
(990, 143, 22, 1, 380, 380),
(989, 143, 30, 1, 2990, 2990),
(988, 143, 50, 4, 180, 720),
(987, 143, 488, 1, 1400, 1400),
(986, 143, 76, 1, 1390, 1390),
(985, 143, 559, 1, 800, 800),
(984, 143, 492, 2, 1120, 2240),
(983, 143, 355, 1, 700, 700),
(982, 143, 169, 2, 290, 580),
(981, 142, 443, 1, 1260, 1260),
(980, 142, 50, 6, 180, 1080),
(979, 142, 67, 1, 2010, 2010),
(978, 142, 390, 1, 190, 190),
(977, 142, 85, 1, 1100, 1100),
(976, 142, 563, 1, 550, 550),
(975, 142, 169, 1, 290, 290),
(974, 142, 581, 1, 850, 850),
(973, 142, 26, 1, 320, 320),
(972, 142, 11, 1, 1650, 1650),
(971, 142, 35, 1, 990, 990),
(970, 142, 633, 1, 1800, 1800),
(969, 142, 581, 1, 850, 850),
(968, 142, 195, 1, 225, 225),
(967, 142, 271, 1, 50, 50),
(966, 142, 26, 1, 320, 320),
(965, 142, 378, 1, 172, 172),
(964, 142, 229, 1, 110, 110),
(963, 142, 390, 3, 190, 570),
(962, 142, 50, 2, 180, 360),
(961, 142, 309, 1, 1199, 1199),
(960, 142, 79, 1, 1990, 1990),
(959, 142, 581, 1, 850, 850),
(958, 142, 74, 1, 2010, 2010),
(957, 142, 473, 1, 1100, 1100),
(956, 142, 581, 1, 850, 850),
(955, 142, 26, 1, 320, 320),
(954, 142, 168, 1, 600, 600),
(953, 142, 417, 1, 650, 650),
(952, 142, 581, 1, 850, 850),
(951, 142, 624, 1, 3360, 3360),
(950, 142, 366, 1, 320, 320),
(949, 142, 487, 1, 1200, 1200),
(948, 142, 581, 1, 850, 850),
(947, 142, 29, 1, 3270, 3270),
(946, 142, 314, 1, 1390, 1390),
(945, 142, 311, 1, 1500, 1500),
(944, 142, 54, 1, 190, 190),
(943, 142, 312, 1, 1650, 1650),
(942, 142, 50, 6, 180, 1080),
(941, 142, 531, 2, 2950, 5900),
(940, 142, 172, 1, 1320, 1320),
(939, 142, 219, 1, 1450, 1450),
(938, 142, 50, 1, 180, 180),
(937, 142, 167, 1, 900, 900),
(936, 142, 581, 1, 850, 850),
(935, 142, 624, 1, 3360, 3360),
(934, 142, 259, 1, 100, 100),
(933, 142, 513, 1, 170, 170),
(932, 142, 168, 1, 600, 600),
(931, 141, 518, 1, 3150, 3150),
(930, 140, 117, 1, 490, 490),
(929, 139, 11, 1, 1650, 1650),
(928, 139, 373, 1, 4000, 4000),
(927, 138, 300, 1, 210, 210),
(926, 137, 51, 10, 180, 1800),
(925, 137, 220, 1, 1900, 1900),
(924, 137, 50, 2, 180, 360),
(923, 137, 72, 1, 1265, 1265),
(922, 137, 311, 1, 1500, 1500),
(921, 137, 64, 1, 1185, 1185),
(920, 137, 539, 1, 750, 750),
(919, 137, 380, 2, 172, 344),
(918, 137, 267, 1, 150, 150),
(917, 137, 277, 1, 120, 120),
(916, 137, 26, 1, 320, 320),
(915, 137, 386, 1, 1325, 1325),
(914, 137, 11, 1, 1650, 1650),
(913, 137, 74, 1, 2010, 2010),
(912, 137, 13, 1, 1100, 1100),
(911, 137, 169, 1, 290, 290),
(910, 137, 300, 2, 210, 420),
(909, 137, 80, 1, 1100, 1100),
(908, 137, 64, 1, 1185, 1185),
(907, 137, 22, 1, 380, 380),
(906, 137, 386, 1, 1325, 1325),
(905, 137, 220, 1, 1900, 1900),
(904, 137, 455, 1, 2900, 2900),
(903, 137, 488, 1, 1400, 1400),
(902, 137, 146, 1, 990, 990),
(901, 137, 11, 1, 1650, 1650),
(900, 137, 31, 1, 1100, 1100),
(899, 137, 165, 2, 125, 250),
(898, 137, 176, 1, 245, 245),
(897, 137, 169, 1, 290, 290),
(896, 137, 581, 1, 850, 850),
(895, 137, 577, 1, 230, 230),
(894, 137, 338, 1, 900, 900),
(893, 137, 197, 4, 157, 628),
(892, 137, 22, 1, 380, 380),
(891, 136, 569, 1, 790, 790),
(890, 136, 414, 1, 500, 500),
(889, 136, 403, 1, 290, 290),
(888, 136, 46, 1, 399, 399),
(887, 136, 22, 1, 380, 380),
(886, 136, 117, 1, 490, 490),
(885, 136, 12, 1, 1400, 1400),
(884, 136, 195, 1, 225, 225),
(883, 136, 184, 1, 313, 313),
(882, 136, 48, 3, 120, 360),
(881, 136, 26, 2, 320, 640),
(880, 136, 146, 1, 990, 990),
(879, 136, 584, 1, 440, 440),
(878, 135, 188, 2, 460, 920),
(877, 135, 582, 1, 1400, 1400),
(876, 135, 202, 1, 649, 649),
(875, 135, 176, 1, 245, 245),
(874, 135, 195, 1, 225, 225),
(873, 134, 486, 1, 1400, 1400),
(872, 134, 570, 1, 750, 750),
(871, 134, 581, 1, 850, 850),
(870, 134, 229, 1, 110, 110),
(869, 134, 366, 1, 313, 313),
(868, 134, 222, 1, 1500, 1500),
(867, 134, 169, 1, 250, 250),
(866, 134, 195, 1, 225, 225),
(865, 134, 26, 1, 320, 320),
(864, 134, 565, 1, 1880, 1880),
(863, 134, 169, 1, 250, 250),
(862, 134, 26, 1, 320, 320),
(861, 134, 568, 1, 990, 990),
(860, 134, 26, 1, 320, 320),
(859, 134, 563, 1, 550, 550),
(858, 133, 51, 2, 180, 360),
(857, 133, 449, 1, 1120, 1120),
(856, 133, 123, 1, 315, 315),
(855, 133, 147, 1, 990, 990),
(854, 133, 11, 1, 1650, 1650),
(853, 133, 169, 1, 250, 250),
(852, 133, 199, 1, 600, 600),
(851, 133, 427, 1, 380, 380),
(850, 133, 142, 1, 1582, 1582),
(849, 133, 117, 1, 490, 490),
(848, 133, 12, 1, 1400, 1400),
(847, 133, 169, 1, 250, 250),
(846, 133, 578, 1, 550, 550),
(845, 133, 569, 1, 790, 790),
(844, 133, 51, 1, 180, 180),
(843, 133, 427, 1, 380, 380),
(842, 133, 554, 1, 1200, 1200),
(841, 133, 146, 1, 990, 990),
(840, 132, 26, 1, 320, 320),
(839, 132, 588, 1, 900, 900),
(838, 132, 169, 1, 250, 250),
(837, 132, 558, 1, 1600, 1600),
(836, 132, 298, 1, 235, 235),
(835, 132, 195, 1, 225, 225),
(834, 132, 275, 1, 170, 170),
(833, 132, 391, 1, 120, 120),
(832, 132, 88, 1, 180, 180),
(831, 132, 89, 1, 210, 210),
(830, 132, 101, 1, 195, 195),
(829, 132, 106, 1, 184, 184),
(828, 132, 275, 1, 170, 170),
(827, 132, 26, 1, 320, 320),
(826, 132, 558, 1, 1600, 1600),
(825, 132, 160, 1, 250, 250),
(824, 132, 577, 1, 230, 230),
(823, 131, 50, 2, 180, 360),
(822, 131, 197, 2, 157, 314),
(821, 131, 489, 1, 1300, 1300),
(820, 131, 222, 1, 1500, 1500),
(819, 131, 229, 1, 110, 110),
(818, 131, 195, 1, 225, 225),
(817, 131, 546, 1, 990, 990),
(816, 131, 169, 1, 250, 250),
(815, 131, 414, 1, 500, 500),
(814, 131, 558, 1, 1600, 1600),
(813, 131, 444, 1, 1050, 1050),
(812, 131, 169, 1, 250, 250),
(811, 130, 563, 1, 550, 550),
(810, 130, 123, 1, 315, 315),
(809, 130, 123, 1, 315, 315),
(808, 130, 147, 2, 990, 1980),
(807, 130, 197, 2, 157, 314),
(806, 130, 562, 1, 490, 490),
(805, 130, 14, 2, 350, 700),
(804, 130, 117, 1, 490, 490),
(803, 130, 298, 1, 235, 235),
(802, 130, 146, 1, 990, 990),
(801, 130, 464, 2, 600, 1200),
(800, 130, 581, 1, 850, 850),
(799, 130, 26, 1, 320, 320),
(798, 130, 14, 1, 350, 350),
(797, 130, 13, 1, 1100, 1100),
(796, 130, 169, 1, 250, 250),
(795, 130, 103, 1, 220, 220),
(794, 129, 18, 1, 480, 480),
(793, 129, 376, 1, 172, 172),
(792, 129, 229, 1, 110, 110),
(791, 129, 267, 6, 150, 900),
(790, 129, 488, 1, 1400, 1400),
(789, 129, 546, 1, 990, 990),
(788, 129, 267, 1, 150, 150),
(787, 129, 70, 1, 1050, 1050),
(786, 129, 26, 1, 320, 320),
(785, 129, 583, 1, 1200, 1200),
(784, 129, 37, 1, 460, 460),
(783, 129, 34, 1, 480, 480),
(782, 129, 454, 1, 800, 800),
(781, 129, 168, 1, 600, 600),
(780, 129, 580, 1, 850, 850),
(779, 129, 162, 1, 830, 830),
(778, 129, 591, 1, 350, 350),
(777, 129, 217, 1, 1390, 1390),
(776, 129, 48, 4, 120, 480),
(775, 129, 554, 1, 1200, 1200),
(774, 129, 555, 1, 1950, 1950),
(773, 129, 197, 1, 157, 157),
(772, 129, 338, 1, 900, 900),
(771, 128, 193, 2, 94, 188),
(770, 128, 212, 1, 165, 165),
(769, 128, 193, 3, 94, 282),
(768, 128, 195, 5, 225, 1125),
(767, 128, 363, 6, 219, 1314),
(766, 128, 102, 1, 206, 206),
(765, 128, 191, 2, 200, 400),
(764, 128, 104, 1, 260, 260),
(763, 128, 241, 2, 150, 300),
(762, 128, 26, 3, 320, 960),
(761, 128, 146, 1, 990, 990),
(760, 128, 590, 1, 600, 600),
(759, 128, 13, 1, 1100, 1100),
(758, 128, 32, 1, 700, 700),
(757, 128, 331, 2, 180, 360),
(756, 128, 497, 1, 225, 225),
(755, 128, 369, 1, 600, 600),
(754, 128, 488, 1, 1400, 1400),
(753, 127, 50, 4, 180, 720),
(752, 127, 14, 1, 350, 350),
(751, 127, 338, 1, 900, 900),
(750, 127, 558, 1, 1600, 1600),
(749, 127, 169, 1, 250, 250),
(748, 127, 414, 1, 500, 500),
(747, 127, 405, 1, 350, 350),
(746, 127, 197, 4, 157, 628),
(745, 127, 579, 1, 3000, 3000),
(744, 126, 277, 1, 120, 120),
(743, 126, 191, 1, 200, 200),
(742, 126, 26, 2, 320, 640),
(741, 126, 27, 1, 290, 290),
(740, 126, 12, 1, 1400, 1400),
(739, 126, 18, 1, 480, 480),
(738, 126, 568, 1, 990, 990),
(737, 126, 397, 1, 439, 439),
(736, 126, 512, 1, 180, 180),
(735, 126, 478, 1, 300, 300),
(734, 126, 123, 1, 315, 315),
(733, 126, 146, 1, 990, 990),
(732, 125, 512, 3, 180, 540),
(731, 124, 362, 1, 250, 250),
(730, 124, 26, 1, 320, 320),
(729, 124, 34, 1, 480, 480),
(728, 124, 585, 1, 990, 990),
(727, 124, 35, 1, 990, 990),
(726, 124, 123, 1, 315, 315),
(725, 124, 568, 1, 990, 990),
(724, 124, 12, 1, 1400, 1400),
(723, 124, 271, 6, 50, 300),
(722, 124, 492, 1, 1120, 1120),
(721, 124, 14, 1, 350, 350),
(720, 124, 176, 1, 245, 245),
(719, 124, 26, 1, 320, 320),
(718, 124, 22, 1, 380, 380),
(717, 124, 464, 1, 600, 600),
(716, 124, 414, 1, 500, 500),
(715, 124, 169, 1, 250, 250),
(714, 124, 414, 1, 500, 500),
(713, 124, 262, 1, 750, 750),
(712, 124, 548, 1, 2000, 2000),
(711, 123, 169, 1, 250, 250),
(710, 123, 578, 1, 550, 550),
(709, 123, 235, 1, 1000, 1000),
(708, 123, 26, 1, 320, 320),
(707, 123, 169, 1, 250, 250),
(706, 123, 568, 1, 990, 990),
(705, 123, 168, 1, 600, 600),
(704, 123, 325, 1, 1980, 1980),
(703, 123, 11, 1, 1650, 1650),
(702, 123, 26, 1, 320, 320),
(701, 123, 117, 1, 490, 490),
(700, 123, 12, 1, 1400, 1400),
(699, 123, 235, 1, 1000, 1000),
(698, 122, 199, 1, 600, 600),
(697, 122, 117, 1, 490, 490),
(696, 122, 167, 1, 900, 900),
(695, 122, 533, 1, 2750, 2750),
(694, 122, 339, 1, 925, 925),
(693, 122, 422, 1, 3300, 3300),
(692, 122, 312, 1, 1650, 1650),
(691, 122, 190, 1, 414, 414),
(690, 122, 191, 4, 200, 800),
(689, 122, 123, 1, 315, 315),
(688, 122, 146, 1, 990, 990),
(687, 122, 27, 1, 290, 290),
(686, 122, 26, 1, 320, 320),
(685, 122, 11, 1, 1650, 1650),
(684, 122, 31, 1, 1100, 1100),
(683, 122, 43, 1, 195, 195),
(682, 122, 584, 1, 440, 440),
(681, 122, 34, 1, 480, 480),
(680, 122, 191, 1, 200, 200),
(679, 122, 185, 1, 475, 475),
(678, 122, 512, 1, 180, 180),
(677, 122, 229, 1, 110, 110),
(676, 122, 522, 1, 970, 970),
(675, 122, 450, 1, 570, 570),
(674, 122, 489, 1, 1300, 1300),
(673, 122, 30, 1, 2990, 2990),
(672, 122, 11, 1, 1650, 1650),
(671, 122, 35, 1, 990, 990),
(670, 122, 298, 1, 235, 235),
(669, 122, 565, 1, 1880, 1880),
(668, 122, 422, 1, 3300, 3300),
(667, 122, 66, 1, 1199, 1199),
(666, 122, 169, 1, 250, 250),
(665, 122, 169, 1, 250, 250),
(664, 122, 147, 1, 990, 990),
(663, 122, 422, 1, 3300, 3300),
(662, 122, 52, 1, 65, 65),
(661, 122, 50, 1, 180, 180),
(660, 121, 171, 1, 450, 450),
(659, 121, 362, 1, 250, 250),
(658, 121, 11, 1, 1650, 1650),
(657, 121, 169, 1, 250, 250),
(656, 121, 414, 1, 500, 500),
(655, 121, 454, 1, 800, 800),
(654, 121, 554, 1, 1200, 1200),
(653, 121, 426, 1, 1150, 1150),
(652, 121, 11, 1, 1650, 1650),
(651, 121, 211, 1, 176, 176),
(650, 121, 531, 1, 2950, 2950),
(649, 121, 557, 1, 1950, 1950),
(648, 121, 43, 1, 195, 195),
(647, 121, 427, 1, 380, 380),
(646, 121, 26, 1, 320, 320),
(645, 121, 455, 1, 2900, 2900),
(644, 121, 462, 1, 3000, 3000),
(643, 121, 123, 2, 315, 630),
(642, 121, 147, 1, 990, 990),
(641, 120, 221, 1, 1200, 1200),
(640, 120, 117, 1, 490, 490),
(639, 120, 176, 1, 245, 245),
(638, 120, 530, 1, 480, 480),
(637, 120, 195, 1, 225, 225),
(636, 120, 488, 1, 1400, 1400),
(635, 120, 26, 1, 320, 320),
(634, 120, 167, 1, 900, 900),
(633, 120, 555, 1, 1950, 1950),
(632, 120, 492, 1, 1120, 1120),
(631, 119, 52, 2, 65, 130),
(630, 119, 50, 6, 180, 1080),
(629, 119, 63, 1, 1450, 1450),
(628, 119, 196, 1, 380, 380),
(627, 119, 578, 1, 550, 550),
(626, 119, 265, 1, 230, 230),
(625, 119, 427, 1, 380, 380),
(624, 119, 271, 1, 50, 50),
(623, 119, 54, 1, 190, 190),
(622, 119, 104, 1, 260, 260),
(621, 119, 566, 1, 1500, 1500),
(620, 119, 422, 1, 3300, 3300),
(619, 119, 169, 1, 250, 250),
(618, 119, 578, 1, 550, 550),
(617, 119, 169, 1, 250, 250),
(616, 119, 432, 1, 680, 680),
(615, 118, 24, 1, 440, 440),
(614, 118, 578, 1, 550, 550),
(613, 118, 570, 1, 750, 750),
(612, 118, 169, 1, 250, 250),
(611, 118, 267, 1, 150, 150),
(610, 118, 38, 1, 350, 350),
(609, 118, 525, 1, 1320, 1320),
(608, 118, 505, 1, 1800, 1800),
(607, 118, 484, 1, 1200, 1200),
(606, 118, 324, 1, 1980, 1980),
(605, 118, 462, 1, 3000, 3000),
(604, 118, 425, 1, 490, 490),
(603, 118, 485, 1, 1300, 1300),
(602, 117, 578, 1, 550, 550),
(601, 116, 432, 1, 680, 680),
(600, 116, 169, 2, 250, 500),
(599, 116, 262, 1, 750, 750),
(598, 116, 382, 1, 2500, 2500),
(597, 116, 378, 1, 172, 172),
(596, 116, 54, 1, 190, 190),
(595, 116, 390, 1, 190, 190),
(594, 116, 197, 4, 157, 628),
(593, 116, 85, 1, 1100, 1100),
(592, 115, 515, 1, 450, 450),
(591, 115, 254, 1, 800, 800),
(590, 115, 523, 1, 550, 550),
(589, 115, 123, 1, 315, 315),
(588, 115, 52, 1, 65, 65),
(587, 115, 546, 1, 990, 990),
(586, 115, 424, 1, 380, 380),
(585, 115, 489, 1, 1300, 1300),
(584, 115, 487, 1, 1200, 1200),
(583, 115, 177, 1, 210, 210),
(582, 115, 432, 1, 680, 680),
(1163, 153, 51, 2, 180, 360),
(1164, 153, 487, 1, 1200, 1200),
(1165, 154, 670, 1, 2600, 2600),
(1166, 154, 169, 1, 290, 290),
(1167, 154, 635, 1, 780, 780),
(1168, 154, 338, 1, 900, 900),
(1169, 154, 338, 1, 900, 900),
(1170, 154, 184, 1, 313, 313),
(1171, 154, 323, 1, 1800, 1800),
(1172, 154, 168, 1, 600, 600),
(1173, 154, 117, 1, 550, 550),
(1174, 154, 26, 1, 360, 360),
(1175, 154, 50, 2, 180, 360),
(1176, 154, 146, 1, 1110, 1110),
(1177, 154, 577, 1, 230, 230),
(1178, 154, 35, 1, 1110, 1110),
(1179, 154, 11, 1, 1850, 1850),
(1180, 154, 491, 1, 1120, 1120),
(1181, 154, 470, 1, 1, 1),
(1182, 155, 487, 1, 1200, 1200),
(1183, 155, 447, 1, 1200, 1200),
(1184, 156, 580, 1, 850, 850),
(1185, 156, 147, 2, 1110, 2220),
(1186, 156, 123, 2, 360, 720),
(1187, 156, 528, 1, 480, 480),
(1188, 156, 427, 1, 380, 380),
(1189, 156, 276, 1, 425, 425),
(1190, 156, 146, 1, 1110, 1110),
(1191, 156, 123, 1, 360, 360),
(1192, 156, 621, 1, 1300, 1300),
(1193, 156, 528, 1, 480, 480),
(1194, 156, 345, 1, 130, 130),
(1195, 156, 232, 1, 890, 890),
(1196, 156, 300, 1, 210, 210),
(1197, 157, 558, 1, 1600, 1600),
(1198, 157, 252, 1, 350, 350),
(1199, 157, 37, 1, 520, 520),
(1200, 157, 146, 1, 1110, 1110),
(1201, 157, 169, 1, 290, 290),
(1202, 157, 35, 1, 1110, 1110),
(1203, 157, 12, 1, 1570, 1570),
(1204, 157, 26, 1, 360, 360),
(1205, 157, 43, 1, 220, 220),
(1206, 157, 237, 1, 890, 890),
(1207, 157, 487, 1, 1200, 1200),
(1208, 157, 635, 1, 780, 780),
(1209, 157, 14, 1, 400, 400),
(1210, 157, 341, 1, 490, 490),
(1211, 157, 46, 1, 450, 450),
(1212, 157, 341, 1, 490, 490),
(1213, 158, 633, 1, 1880, 1880),
(1214, 158, 168, 1, 650, 650),
(1215, 158, 275, 1, 170, 170),
(1216, 158, 162, 1, 830, 830),
(1217, 158, 190, 1, 414, 414),
(1218, 158, 417, 1, 680, 680),
(1219, 158, 24, 1, 495, 495),
(1220, 158, 146, 1, 1110, 1110),
(1221, 158, 123, 1, 360, 360),
(1222, 158, 117, 1, 550, 550),
(1223, 158, 514, 1, 650, 650),
(1224, 158, 515, 1, 450, 450),
(1225, 158, 478, 1, 300, 300),
(1226, 158, 37, 1, 520, 520),
(1227, 158, 232, 1, 890, 890),
(1228, 159, 99, 1, 162, 162),
(1229, 160, 629, 1, 950, 950),
(1230, 160, 255, 1, 280, 280),
(1231, 160, 15, 1, 360, 360),
(1232, 160, 43, 1, 220, 220),
(1233, 160, 87, 1, 220, 220),
(1234, 160, 88, 1, 180, 180),
(1235, 160, 220, 1, 1990, 1990),
(1236, 160, 504, 1, 800, 800),
(1237, 160, 12, 1, 1570, 1570),
(1238, 160, 488, 1, 1400, 1400),
(1239, 160, 434, 1, 1200, 1200),
(1240, 160, 117, 1, 550, 550),
(1241, 160, 88, 1, 180, 180),
(1242, 160, 195, 1, 225, 225),
(1243, 160, 362, 2, 250, 500),
(1244, 160, 197, 1, 157, 157),
(1245, 160, 52, 2, 65, 130),
(1246, 160, 252, 1, 350, 350),
(1247, 160, 496, 1, 850, 850),
(1248, 160, 462, 1, 2200, 2200),
(1249, 161, 191, 1, 200, 200),
(1250, 161, 599, 1, 250, 250),
(1251, 161, 26, 1, 360, 360),
(1252, 161, 27, 1, 325, 325),
(1253, 162, 311, 1, 1600, 1600),
(1254, 162, 563, 1, 550, 550),
(1255, 162, 583, 1, 1200, 1200),
(1256, 162, 314, 1, 1490, 1490),
(1257, 162, 262, 1, 750, 750),
(1258, 162, 169, 1, 290, 290),
(1259, 162, 386, 1, 1325, 1325),
(1260, 162, 277, 1, 120, 120),
(1261, 162, 43, 1, 220, 220),
(1262, 162, 33, 1, 550, 550),
(1263, 162, 635, 1, 780, 780),
(1264, 162, 478, 1, 300, 300),
(1265, 162, 169, 1, 290, 290),
(1266, 162, 123, 1, 360, 360),
(1267, 163, 12, 1, 1570, 1570),
(1268, 163, 385, 1, 1200, 1200),
(1269, 163, 429, 1, 1210, 1210),
(1270, 163, 338, 1, 900, 900),
(1271, 163, 147, 1, 1110, 1110),
(1272, 163, 123, 1, 360, 360),
(1273, 163, 37, 1, 520, 520),
(1274, 163, 697, 1, 350, 350),
(1275, 163, 415, 1, 420, 420),
(1276, 163, 300, 1, 210, 210),
(1277, 163, 635, 1, 780, 780),
(1278, 163, 50, 3, 190, 570),
(1279, 163, 191, 1, 200, 200),
(1280, 163, 678, 1, 1850, 1850),
(1281, 163, 563, 1, 550, 550),
(1282, 163, 424, 1, 380, 380),
(1283, 164, 635, 1, 780, 780),
(1284, 164, 635, 1, 780, 780),
(1285, 164, 169, 1, 290, 290),
(1286, 164, 565, 1, 1880, 1880),
(1287, 164, 554, 1, 1300, 1300),
(1288, 164, 229, 2, 110, 220),
(1289, 164, 621, 1, 1300, 1300),
(1290, 164, 635, 1, 780, 780),
(1291, 164, 169, 1, 290, 290),
(1292, 164, 298, 1, 235, 235),
(1293, 164, 275, 1, 170, 170),
(1294, 164, 533, 1, 2750, 2750),
(1295, 164, 37, 2, 520, 1040),
(1296, 164, 11, 1, 1850, 1850),
(1297, 165, 22, 1, 430, 430),
(1298, 165, 481, 1, 1000, 1000),
(1299, 165, 242, 1, 350, 350),
(1300, 165, 277, 1, 120, 120),
(1301, 165, 14, 1, 400, 400),
(1302, 165, 176, 1, 245, 245),
(1303, 165, 491, 1, 1120, 1120),
(1304, 165, 511, 1, 3990, 3990),
(1305, 165, 596, 1, 3360, 3360),
(1306, 165, 300, 1, 210, 210),
(1307, 166, 414, 1, 500, 500),
(1308, 166, 169, 1, 290, 290),
(1309, 166, 11, 1, 1850, 1850),
(1310, 166, 576, 1, 880, 880),
(1311, 166, 576, 1, 880, 880),
(1312, 166, 590, 1, 600, 600),
(1313, 166, 591, 1, 350, 350),
(1314, 166, 146, 1, 1110, 1110),
(1315, 166, 441, 1, 2000, 2000),
(1316, 166, 372, 1, 5400, 5400),
(1317, 166, 29, 1, 3670, 3670),
(1318, 166, 428, 1, 1950, 1950),
(1319, 166, 277, 1, 120, 120),
(1320, 167, 702, 1, 1500, 1500),
(1321, 167, 434, 1, 1200, 1200),
(1322, 167, 635, 1, 780, 780),
(1323, 167, 570, 1, 750, 750),
(1324, 167, 599, 1, 250, 250),
(1325, 167, 298, 1, 235, 235),
(1326, 167, 414, 1, 500, 500),
(1327, 167, 577, 1, 230, 230),
(1328, 168, 586, 1, 1350, 1350),
(1329, 168, 176, 1, 245, 245),
(1330, 168, 169, 1, 290, 290),
(1331, 168, 581, 2, 850, 1700),
(1332, 168, 635, 1, 780, 780),
(1333, 168, 599, 2, 250, 500),
(1334, 168, 197, 1, 210, 210),
(1335, 168, 362, 1, 290, 290),
(1336, 168, 193, 1, 110, 110),
(1337, 168, 234, 1, 2700, 2700),
(1338, 168, 300, 1, 210, 210),
(1339, 168, 11, 1, 2250, 2250),
(1340, 168, 117, 1, 550, 550),
(1341, 168, 15, 2, 440, 880),
(1342, 168, 11, 1, 2250, 2250),
(1343, 168, 146, 1, 1550, 1550),
(1344, 168, 599, 1, 250, 250),
(1345, 168, 565, 1, 1880, 1880),
(1346, 168, 84, 1, 1300, 1300),
(1347, 168, 414, 1, 500, 500),
(1348, 168, 169, 1, 290, 290),
(1349, 168, 552, 1, 3000, 3000),
(1350, 168, 64, 1, 1185, 1185),
(1351, 168, 50, 8, 190, 1520),
(1352, 168, 252, 1, 350, 350),
(1353, 169, 12, 1, 1850, 1850),
(1354, 169, 563, 1, 550, 550),
(1355, 169, 579, 1, 3000, 3000),
(1356, 169, 300, 1, 210, 210),
(1357, 169, 531, 1, 2950, 2950),
(1358, 169, 25, 1, 400, 400),
(1359, 169, 229, 2, 110, 220),
(1360, 169, 635, 1, 780, 780),
(1361, 169, 599, 1, 250, 250),
(1362, 169, 422, 1, 4350, 4350),
(1363, 169, 429, 1, 1210, 1210),
(1364, 169, 392, 1, 200, 200),
(1365, 169, 11, 1, 2250, 2250),
(1366, 169, 635, 1, 780, 780),
(1367, 169, 169, 1, 290, 290),
(1368, 169, 13, 1, 1480, 1480),
(1369, 169, 18, 1, 620, 620),
(1370, 170, 50, 1, 190, 190),
(1371, 170, 192, 1, 110, 110),
(1372, 170, 11, 1, 2250, 2250),
(1373, 170, 176, 1, 245, 245),
(1374, 170, 503, 1, 890, 890),
(1375, 170, 276, 1, 425, 425),
(1376, 170, 13, 1, 1480, 1480),
(1377, 170, 146, 1, 1550, 1550),
(1378, 170, 26, 2, 455, 910),
(1379, 170, 169, 1, 290, 290),
(1380, 170, 181, 2, 360, 720),
(1381, 170, 462, 1, 2200, 2200),
(1382, 171, 311, 1, 1600, 1600),
(1383, 172, 238, 1, 300, 300),
(1384, 172, 629, 1, 1165, 1165),
(1385, 172, 11, 1, 2250, 2250),
(1386, 172, 176, 1, 245, 245),
(1387, 172, 176, 1, 245, 245),
(1388, 172, 12, 1, 1850, 1850),
(1389, 172, 12, 1, 1850, 1850),
(1390, 172, 35, 1, 1200, 1200),
(1391, 172, 26, 1, 455, 455),
(1392, 172, 418, 1, 120, 120),
(1393, 172, 35, 1, 1200, 1200),
(1394, 172, 18, 1, 620, 620),
(1395, 172, 487, 1, 1200, 1200),
(1396, 172, 637, 1, 1870, 1870),
(1397, 173, 629, 1, 1165, 1165),
(1398, 173, 43, 1, 260, 260),
(1399, 173, 473, 1, 1100, 1100),
(1400, 173, 359, 1, 1490, 1490),
(1401, 173, 629, 1, 1165, 1165),
(1402, 173, 13, 1, 1480, 1480),
(1403, 173, 117, 1, 550, 550),
(1404, 173, 33, 1, 690, 690),
(1405, 173, 229, 1, 110, 110),
(1406, 173, 125, 1, 130, 130),
(1407, 173, 83, 1, 1980, 1980),
(1408, 173, 13, 1, 1480, 1480),
(1409, 173, 635, 1, 780, 780),
(1410, 173, 338, 1, 900, 900),
(1411, 173, 339, 1, 1120, 1120),
(1412, 173, 486, 1, 1680, 1680),
(1413, 173, 581, 1, 850, 850),
(1414, 174, 16, 1, 765, 765),
(1415, 175, 9, 1, 645, 645),
(1416, 176, 713, 1, 790, 790),
(1417, 176, 169, 1, 290, 290),
(1418, 176, 146, 1, 1550, 1550),
(1419, 176, 169, 1, 290, 290),
(1420, 176, 589, 1, 900, 900),
(1421, 176, 26, 1, 455, 455),
(1422, 176, 117, 1, 550, 550),
(1423, 176, 13, 1, 1480, 1480),
(1424, 176, 590, 1, 600, 600),
(1425, 176, 312, 1, 1750, 1750),
(1426, 176, 39, 1, 280, 280),
(1427, 176, 176, 1, 280, 280),
(1428, 176, 169, 1, 290, 290),
(1429, 176, 696, 1, 200, 200),
(1430, 176, 11, 1, 2250, 2250),
(1431, 176, 48, 2, 170, 340),
(1432, 177, 176, 2, 280, 560),
(1433, 177, 18, 1, 620, 620),
(1434, 177, 18, 1, 620, 620),
(1435, 177, 26, 1, 455, 455),
(1436, 177, 146, 1, 1550, 1550),
(1437, 177, 169, 1, 290, 290),
(1438, 177, 414, 1, 500, 500),
(1439, 177, 298, 1, 250, 250),
(1440, 177, 61, 1, 1280, 1280),
(1441, 177, 50, 4, 190, 760),
(1442, 177, 588, 1, 900, 900),
(1443, 177, 577, 1, 230, 230),
(1444, 177, 267, 1, 150, 150),
(1445, 177, 496, 1, 850, 850),
(1446, 177, 191, 1, 250, 250),
(1447, 178, 635, 1, 780, 780),
(1448, 178, 169, 1, 290, 290),
(1449, 178, 629, 1, 1165, 1165),
(1450, 178, 712, 1, 1200, 1200),
(1451, 178, 169, 1, 290, 290),
(1452, 178, 35, 1, 1200, 1200),
(1453, 178, 26, 1, 455, 455),
(1454, 178, 635, 1, 780, 780),
(1455, 178, 300, 1, 230, 230),
(1456, 178, 37, 6, 590, 3540),
(1457, 178, 599, 1, 250, 250),
(1458, 178, 697, 1, 350, 350),
(1459, 178, 26, 1, 455, 455),
(1460, 178, 27, 1, 380, 380),
(1461, 178, 35, 1, 1200, 1200),
(1462, 178, 14, 1, 435, 435),
(1463, 178, 117, 1, 550, 550),
(1464, 178, 629, 1, 1165, 1165),
(1465, 178, 117, 2, 550, 1100),
(1466, 178, 113, 1, 490, 490),
(1467, 179, 559, 1, 900, 900),
(1468, 179, 52, 4, 65, 260),
(1469, 180, 9, 1, 645, 645),
(1470, 181, 26, 1, 455, 455),
(1471, 181, 712, 1, 1200, 1200),
(1472, 181, 277, 1, 120, 120),
(1473, 181, 429, 2, 1210, 2420),
(1474, 181, 168, 1, 650, 650),
(1475, 181, 697, 1, 350, 350),
(1476, 181, 629, 1, 1165, 1165),
(1477, 181, 176, 1, 280, 280),
(1478, 181, 18, 1, 620, 620),
(1479, 181, 578, 1, 490, 490),
(1480, 181, 597, 1, 2550, 2550),
(1481, 181, 169, 1, 290, 290),
(1482, 181, 570, 1, 750, 750),
(1483, 181, 478, 1, 300, 300),
(1484, 181, 188, 2, 530, 1060),
(1485, 181, 184, 1, 400, 400),
(1486, 181, 12, 1, 1850, 1850),
(1487, 181, 117, 1, 550, 550),
(1488, 182, 147, 1, 1550, 1550),
(1489, 182, 229, 1, 110, 110),
(1490, 182, 484, 1, 1200, 1200),
(1491, 182, 176, 1, 280, 280),
(1492, 182, 104, 2, 315, 630),
(1493, 182, 117, 1, 550, 550),
(1494, 182, 169, 2, 290, 580),
(1495, 182, 442, 1, 1460, 1460),
(1496, 182, 415, 1, 990, 990),
(1497, 182, 697, 1, 350, 350),
(1498, 182, 223, 1, 1800, 1800),
(1499, 182, 734, 2, 1000, 2000),
(1500, 183, 30, 1, 3880, 3880),
(1501, 183, 712, 1, 1200, 1200),
(1502, 183, 169, 1, 290, 290),
(1503, 183, 577, 1, 230, 230),
(1504, 183, 336, 1, 690, 690),
(1505, 183, 32, 1, 950, 950),
(1506, 183, 27, 1, 380, 380),
(1507, 183, 117, 1, 550, 550),
(1508, 183, 13, 1, 1480, 1480),
(1509, 183, 162, 1, 830, 830),
(1510, 183, 165, 1, 125, 125),
(1511, 183, 515, 1, 450, 450),
(1512, 183, 105, 1, 170, 170),
(1513, 183, 106, 1, 220, 220),
(1514, 183, 229, 1, 110, 110),
(1515, 183, 68, 1, 2280, 2280),
(1516, 183, 633, 1, 1880, 1880),
(1517, 183, 525, 1, 1320, 1320),
(1518, 184, 622, 1, 1800, 1800),
(1519, 184, 169, 1, 290, 290),
(1520, 184, 35, 1, 1200, 1200),
(1521, 184, 362, 1, 290, 290),
(1522, 185, 185, 1, 550, 550),
(1523, 185, 92, 1, 195, 195),
(1524, 185, 165, 1, 125, 125),
(1525, 185, 362, 1, 290, 290),
(1526, 185, 493, 1, 1350, 1350),
(1527, 185, 211, 1, 176, 176),
(1528, 185, 192, 1, 110, 110),
(1529, 185, 678, 1, 1850, 1850),
(1530, 185, 478, 1, 300, 300),
(1531, 185, 262, 1, 750, 750),
(1532, 185, 26, 1, 455, 455),
(1533, 185, 205, 1, 297, 297),
(1534, 185, 300, 2, 230, 460),
(1535, 185, 195, 1, 260, 260),
(1536, 185, 578, 1, 490, 490),
(1537, 185, 300, 1, 230, 230),
(1538, 185, 561, 1, 2700, 2700),
(1539, 185, 87, 2, 250, 500),
(1540, 186, 578, 1, 490, 490),
(1541, 186, 298, 1, 250, 250),
(1542, 186, 599, 1, 250, 250),
(1543, 186, 629, 1, 1165, 1165),
(1544, 186, 300, 1, 230, 230),
(1545, 186, 300, 1, 230, 230),
(1546, 186, 588, 1, 900, 900),
(1547, 186, 386, 1, 1800, 1800),
(1548, 186, 168, 1, 650, 650),
(1549, 186, 195, 1, 260, 260),
(1550, 186, 165, 1, 125, 125),
(1551, 186, 708, 1, 170, 170),
(1552, 186, 271, 2, 50, 100),
(1553, 187, 599, 1, 250, 250),
(1554, 187, 359, 1, 1490, 1490),
(1555, 187, 404, 1, 280, 280),
(1556, 187, 493, 1, 1350, 1350),
(1557, 187, 35, 2, 1200, 2400),
(1558, 187, 27, 1, 380, 380),
(1559, 187, 39, 2, 280, 560),
(1560, 187, 54, 6, 200, 1200),
(1561, 187, 265, 1, 230, 230),
(1562, 187, 491, 1, 1350, 1350),
(1563, 188, 146, 1, 1550, 1550),
(1564, 188, 123, 1, 565, 565),
(1565, 188, 437, 1, 400, 400),
(1566, 188, 728, 1, 730, 730),
(1567, 188, 169, 1, 290, 290),
(1568, 189, 504, 1, 800, 800),
(1569, 189, 673, 1, 1650, 1650),
(1570, 189, 720, 2, 1495, 2990),
(1571, 189, 637, 1, 1870, 1870),
(1572, 190, 727, 1, 660, 660),
(1573, 190, 169, 1, 290, 290),
(1574, 190, 675, 1, 1950, 1950),
(1575, 190, 492, 1, 1350, 1350),
(1576, 190, 26, 1, 455, 455),
(1577, 190, 386, 1, 1800, 1800),
(1578, 190, 599, 1, 250, 250),
(1579, 190, 578, 1, 490, 490),
(1580, 191, 712, 1, 1200, 1200),
(1581, 191, 734, 1, 1000, 1000),
(1582, 191, 339, 1, 1120, 1120),
(1583, 191, 67, 1, 2010, 2010),
(1584, 191, 13, 1, 1480, 1480),
(1585, 191, 117, 1, 550, 550),
(1586, 191, 232, 1, 890, 890),
(1587, 191, 190, 1, 480, 480),
(1588, 191, 185, 1, 550, 550),
(1589, 191, 195, 1, 260, 260),
(1590, 191, 363, 1, 255, 255),
(1591, 191, 712, 1, 1200, 1200),
(1592, 191, 31, 1, 1570, 1570),
(1593, 191, 117, 1, 550, 550),
(1594, 191, 728, 1, 730, 730),
(1595, 191, 176, 1, 280, 280),
(1596, 191, 363, 1, 255, 255),
(1597, 191, 734, 1, 1000, 1000),
(1598, 191, 168, 1, 650, 650),
(1599, 191, 192, 1, 110, 110),
(1600, 191, 52, 1, 65, 65),
(1601, 191, 176, 1, 280, 280),
(1602, 191, 147, 2, 1550, 3100),
(1603, 191, 422, 1, 4350, 4350),
(1604, 191, 599, 2, 250, 500),
(1605, 191, 38, 1, 450, 450),
(1606, 191, 146, 1, 1550, 1550),
(1607, 191, 123, 1, 565, 565),
(1608, 192, 117, 1, 550, 550),
(1609, 192, 728, 1, 730, 730),
(1610, 192, 169, 1, 290, 290),
(1611, 192, 13, 1, 1480, 1480),
(1612, 192, 146, 1, 1550, 1550),
(1613, 192, 298, 1, 250, 250),
(1614, 192, 84, 1, 1300, 1300),
(1615, 192, 117, 2, 550, 1100),
(1616, 192, 300, 2, 230, 460),
(1617, 192, 275, 1, 170, 170),
(1618, 192, 197, 2, 210, 420),
(1619, 192, 362, 2, 290, 580),
(1620, 193, 13, 1, 1480, 1480),
(1621, 193, 117, 1, 550, 550),
(1622, 193, 578, 1, 490, 490),
(1623, 193, 24, 1, 495, 495),
(1624, 193, 190, 1, 480, 480),
(1625, 193, 11, 1, 2250, 2250),
(1626, 193, 31, 1, 1570, 1570),
(1627, 193, 593, 1, 1500, 1500),
(1628, 193, 543, 1, 335, 335),
(1629, 193, 176, 1, 280, 280),
(1630, 193, 252, 1, 350, 350),
(1631, 193, 712, 1, 1200, 1200),
(1632, 193, 167, 1, 990, 990),
(1633, 193, 176, 1, 280, 280),
(1634, 194, 595, 1, 1600, 1600),
(1635, 194, 596, 1, 3720, 3720),
(1636, 195, 497, 1, 225, 225),
(1637, 195, 443, 1, 1510, 1510),
(1638, 195, 730, 1, 1000, 1000),
(1639, 195, 94, 1, 195, 195),
(1640, 195, 298, 1, 250, 250),
(1641, 195, 35, 1, 1200, 1200),
(1642, 195, 635, 1, 840, 840),
(1643, 195, 336, 1, 690, 690),
(1644, 195, 298, 1, 250, 250),
(1645, 195, 532, 1, 3360, 3360),
(1646, 195, 168, 1, 650, 650),
(1647, 195, 235, 1, 1000, 1000),
(1648, 195, 26, 1, 455, 455),
(1649, 195, 706, 1, 850, 850),
(1650, 195, 589, 1, 900, 900),
(1651, 195, 298, 1, 250, 250),
(1652, 195, 735, 1, 1000, 1000),
(1653, 195, 338, 1, 900, 900),
(1654, 195, 429, 1, 1210, 1210),
(1655, 195, 442, 1, 1750, 1750),
(1656, 195, 437, 1, 400, 400),
(1657, 195, 499, 1, 100, 100),
(1658, 195, 735, 1, 1000, 1000),
(1659, 196, 703, 1, 2280, 2280),
(1660, 196, 569, 1, 790, 790),
(1661, 196, 732, 1, 840, 840),
(1662, 196, 176, 1, 280, 280),
(1663, 196, 26, 1, 455, 455),
(1664, 196, 234, 1, 2700, 2700),
(1665, 196, 428, 1, 1950, 1950),
(1666, 196, 429, 1, 1210, 1210),
(1667, 196, 417, 1, 680, 680),
(1668, 197, 635, 1, 840, 840),
(1669, 197, 338, 1, 900, 900),
(1670, 197, 560, 1, 770, 770),
(1671, 197, 50, 2, 190, 380),
(1672, 197, 298, 1, 250, 250),
(1673, 197, 629, 1, 1165, 1165),
(1674, 197, 117, 1, 550, 550),
(1675, 197, 43, 2, 260, 520),
(1676, 197, 602, 1, 4500, 4500),
(1677, 197, 336, 1, 690, 690),
(1678, 197, 11, 1, 2250, 2250),
(1679, 197, 564, 1, 3300, 3300),
(1680, 198, 629, 1, 1165, 1165),
(1681, 198, 224, 1, 3400, 3400),
(1682, 198, 229, 2, 110, 220),
(1683, 198, 162, 1, 830, 830),
(1684, 198, 46, 1, 530, 530),
(1685, 199, 428, 1, 1950, 1950),
(1686, 199, 221, 1, 1200, 1200),
(1687, 199, 507, 1, 2500, 2500),
(1688, 200, 15, 1, 440, 440),
(1689, 200, 267, 1, 150, 150),
(1690, 200, 298, 1, 250, 250),
(1691, 200, 31, 1, 1570, 1570),
(1692, 200, 171, 1, 530, 530),
(1693, 200, 587, 1, 1350, 1350),
(1694, 200, 117, 1, 550, 550),
(1695, 200, 426, 1, 1150, 1150),
(1696, 200, 599, 1, 250, 250),
(1697, 200, 76, 1, 1490, 1490),
(1698, 200, 195, 1, 260, 260),
(1699, 200, 599, 1, 250, 250),
(1700, 200, 351, 1, 650, 650),
(1701, 200, 123, 1, 565, 565),
(1702, 200, 478, 3, 300, 900),
(1703, 200, 221, 1, 1200, 1200),
(1704, 200, 481, 1, 1000, 1000),
(1705, 200, 223, 1, 1800, 1800),
(1706, 200, 580, 1, 850, 850),
(1707, 200, 697, 1, 350, 350),
(1708, 200, 713, 1, 790, 790),
(1709, 200, 599, 1, 250, 250),
(1710, 200, 504, 1, 800, 800),
(1711, 200, 195, 1, 260, 260),
(1712, 200, 300, 1, 230, 230),
(1713, 200, 277, 1, 120, 120),
(1714, 200, 72, 1, 1265, 1265),
(1715, 200, 221, 1, 1200, 1200),
(1716, 200, 599, 1, 250, 250),
(1717, 200, 165, 1, 125, 125),
(1718, 200, 52, 2, 65, 130),
(1719, 200, 712, 1, 1200, 1200),
(1720, 200, 169, 1, 290, 290),
(1721, 200, 722, 1, 850, 850),
(1722, 200, 599, 1, 250, 250),
(1723, 200, 724, 1, 635, 635),
(1724, 200, 338, 1, 900, 900),
(1725, 200, 599, 1, 250, 250),
(1726, 200, 359, 1, 1490, 1490),
(1727, 200, 428, 1, 1950, 1950),
(1728, 201, 635, 1, 840, 840),
(1729, 201, 599, 1, 250, 250),
(1730, 201, 767, 1, 250, 250),
(1731, 201, 696, 1, 200, 200),
(1732, 201, 261, 1, 300, 300),
(1733, 201, 728, 1, 840, 840),
(1734, 201, 338, 1, 900, 900),
(1735, 201, 347, 2, 610, 1220),
(1736, 201, 35, 1, 1200, 1200),
(1737, 201, 585, 1, 990, 990),
(1738, 201, 94, 1, 260, 260),
(1739, 201, 125, 2, 130, 260),
(1740, 201, 338, 1, 900, 900),
(1741, 201, 167, 1, 990, 990),
(1742, 201, 554, 1, 1300, 1300),
(1743, 201, 300, 1, 230, 230),
(1744, 201, 713, 1, 790, 790),
(1745, 201, 27, 1, 380, 380),
(1746, 201, 300, 1, 230, 230),
(1747, 201, 723, 1, 935, 935),
(1748, 201, 169, 1, 290, 290),
(1749, 201, 277, 1, 120, 120),
(1750, 201, 447, 1, 1440, 1440),
(1751, 201, 146, 1, 1550, 1550),
(1752, 201, 123, 1, 565, 565),
(1753, 201, 539, 1, 830, 830),
(1754, 201, 117, 1, 550, 550),
(1755, 201, 50, 6, 190, 1140),
(1756, 201, 724, 1, 635, 635),
(1757, 201, 232, 1, 890, 890),
(1758, 201, 146, 1, 1550, 1550),
(1759, 201, 123, 1, 565, 565),
(1760, 201, 324, 1, 2280, 2280),
(1761, 201, 599, 1, 250, 250),
(1762, 201, 14, 1, 435, 435),
(1763, 201, 117, 1, 550, 550),
(1764, 201, 222, 1, 1500, 1500),
(1765, 201, 629, 1, 1165, 1165),
(1766, 201, 504, 1, 800, 800),
(1767, 201, 48, 1, 170, 170),
(1768, 201, 195, 1, 260, 260),
(1769, 201, 339, 1, 1120, 1120),
(1770, 201, 429, 1, 1210, 1210),
(1771, 201, 767, 1, 250, 250),
(1772, 201, 678, 1, 1850, 1850),
(1773, 201, 234, 1, 2700, 2700),
(1774, 201, 35, 1, 1200, 1200),
(1775, 201, 765, 2, 170, 340),
(1776, 201, 117, 1, 550, 550),
(1777, 201, 168, 1, 650, 650),
(1778, 201, 342, 1, 285, 285),
(1779, 201, 675, 1, 1950, 1950),
(1780, 201, 722, 1, 850, 850),
(1781, 201, 338, 1, 900, 900),
(1782, 201, 13, 1, 1480, 1480),
(1783, 201, 767, 1, 250, 250),
(1784, 201, 513, 1, 170, 170),
(1785, 201, 197, 2, 210, 420),
(1786, 201, 713, 1, 790, 790),
(1787, 201, 767, 1, 250, 250),
(1788, 201, 146, 1, 1550, 1550),
(1789, 201, 123, 1, 565, 565),
(1790, 201, 767, 1, 250, 250),
(1791, 201, 229, 2, 110, 220),
(1792, 201, 733, 1, 520, 520),
(1793, 201, 167, 1, 990, 990),
(1794, 201, 598, 1, 790, 790),
(1795, 201, 570, 1, 750, 750),
(1796, 201, 763, 1, 700, 700),
(1797, 201, 35, 1, 1200, 1200),
(1798, 201, 26, 1, 455, 455),
(1799, 201, 169, 1, 290, 290),
(1800, 201, 386, 1, 1800, 1800),
(1801, 201, 718, 1, 460, 460),
(1802, 201, 676, 1, 2080, 2080),
(1803, 201, 117, 1, 550, 550),
(1804, 201, 767, 2, 250, 500),
(1805, 201, 146, 1, 1550, 1550),
(1806, 201, 22, 1, 515, 515),
(1807, 201, 26, 1, 455, 455),
(1808, 201, 32, 1, 950, 950),
(1809, 201, 13, 1, 1480, 1480),
(1810, 201, 117, 1, 550, 550),
(1811, 201, 11, 1, 2250, 2250),
(1812, 201, 117, 1, 550, 550),
(1813, 201, 767, 1, 250, 250),
(1814, 201, 197, 6, 210, 1260),
(1815, 201, 35, 1, 1200, 1200),
(1816, 201, 11, 1, 2250, 2250),
(1817, 201, 184, 1, 400, 400),
(1818, 201, 12, 1, 1850, 1850),
(1819, 201, 87, 1, 325, 325),
(1820, 201, 72, 1, 1265, 1265),
(1821, 201, 533, 1, 3520, 3520),
(1822, 201, 168, 1, 650, 650),
(1823, 201, 763, 1, 700, 700),
(1824, 202, 712, 1, 1200, 1200),
(1825, 202, 176, 1, 280, 280),
(1826, 202, 528, 1, 480, 480),
(1827, 202, 345, 1, 130, 130),
(1828, 202, 195, 1, 260, 260),
(1829, 202, 298, 1, 250, 250),
(1830, 203, 763, 1, 700, 700),
(1831, 203, 601, 1, 1650, 1650),
(1832, 203, 558, 1, 1600, 1600),
(1833, 203, 168, 1, 650, 650),
(1834, 203, 72, 1, 1265, 1265),
(1835, 204, 712, 1, 1200, 1200),
(1836, 204, 169, 1, 290, 290),
(1837, 205, 235, 1, 1000, 1000),
(1838, 205, 670, 1, 1950, 1950),
(1839, 205, 546, 1, 990, 990),
(1840, 205, 569, 1, 790, 790),
(1841, 205, 492, 1, 1350, 1350),
(1842, 206, 349, 1, 850, 850),
(1843, 206, 348, 1, 925, 925),
(1844, 206, 450, 1, 750, 750),
(1845, 206, 35, 1, 1200, 1200),
(1846, 206, 146, 1, 1550, 1550),
(1847, 206, 123, 1, 565, 565),
(1848, 206, 27, 1, 380, 380),
(1849, 206, 11, 1, 2250, 2250),
(1850, 206, 559, 1, 900, 900),
(1851, 207, 497, 2, 225, 450),
(1852, 207, 742, 1, 3800, 3800),
(1853, 207, 558, 1, 1600, 1600),
(1854, 207, 714, 1, 2280, 2280),
(1855, 207, 167, 1, 990, 990),
(1856, 207, 422, 1, 4350, 4350),
(1857, 208, 720, 2, 1495, 2990),
(1858, 208, 717, 3, 760, 2280),
(1859, 208, 771, 3, 440, 1320),
(1860, 208, 716, 3, 470, 1410),
(1861, 208, 715, 3, 490, 1470),
(1862, 209, 9, 3, 645, 1935),
(1863, 210, 720, 2, 1495, 2990),
(1864, 211, 717, 3, 760, 2280),
(1865, 211, 771, 3, 440, 1320),
(1866, 211, 716, 3, 470, 1410),
(1867, 211, 715, 3, 490, 1470),
(1868, 211, 428, 3, 1950, 5850),
(1869, 212, 713, 1, 790, 790),
(1870, 212, 599, 1, 250, 250),
(1871, 213, 348, 1, 925, 925),
(1872, 214, 184, 1, 400, 400),
(1873, 215, 336, 1, 690, 690),
(1874, 216, 504, 1, 800, 800),
(1875, 217, 578, 1, 490, 490),
(1876, 218, 697, 1, 350, 350),
(1877, 219, 796, 4, 123, 492);

-- --------------------------------------------------------

--
-- Estructura de tabla para la tabla `entradas`
--

CREATE TABLE `entradas` (
  `id` int(11) NOT NULL,
  `id_producto` int(11) NOT NULL,
  `cantidad` int(11) NOT NULL,
  `fecha` timestamp NOT NULL DEFAULT CURRENT_TIMESTAMP ON UPDATE CURRENT_TIMESTAMP
) ENGINE=MyISAM DEFAULT CHARSET=latin1;

--
-- Volcado de datos para la tabla `entradas`
--

INSERT INTO `entradas` (`id`, `id_producto`, `cantidad`, `fecha`) VALUES
(1, 3, 1, '0000-00-00 00:00:00'),
(2, 5, 50, '0000-00-00 00:00:00'),
(3, 6, 9, '0000-00-00 00:00:00'),
(4, 8, 110, '0000-00-00 00:00:00'),
(5, 8, 110, '0000-00-00 00:00:00'),
(6, 19, 1, '0000-00-00 00:00:00'),
(7, 13, 22, '0000-00-00 00:00:00'),
(8, 13, 22, '0000-00-00 00:00:00'),
(9, 11, 30, '0000-00-00 00:00:00'),
(10, 12, 29, '0000-00-00 00:00:00'),
(11, 14, 5, '0000-00-00 00:00:00'),
(12, 25, 4, '0000-00-00 00:00:00'),
(13, 15, 6, '0000-00-00 00:00:00'),
(14, 18, 19, '0000-00-00 00:00:00'),
(15, 9, 21, '0000-00-00 00:00:00'),
(16, 113, 6, '0000-00-00 00:00:00'),
(17, 33, 20, '0000-00-00 00:00:00'),
(18, 44, 4, '0000-00-00 00:00:00'),
(19, 45, 15, '0000-00-00 00:00:00'),
(20, 38, 26, '0000-00-00 00:00:00'),
(21, 40, 6, '0000-00-00 00:00:00'),
(22, 41, 2, '0000-00-00 00:00:00'),
(23, 39, 9, '0000-00-00 00:00:00'),
(24, 49, 3, '0000-00-00 00:00:00'),
(25, 16, 17, '0000-00-00 00:00:00'),
(26, 24, 31, '0000-00-00 00:00:00'),
(27, 22, 15, '0000-00-00 00:00:00'),
(28, 30, 26, '0000-00-00 00:00:00'),
(29, 29, 22, '0000-00-00 00:00:00'),
(30, 31, 4, '0000-00-00 00:00:00'),
(31, 36, 3, '0000-00-00 00:00:00'),
(32, 32, 4, '0000-00-00 00:00:00'),
(33, 46, 15, '0000-00-00 00:00:00'),
(34, 47, 10, '0000-00-00 00:00:00'),
(35, 34, 5, '0000-00-00 00:00:00'),
(36, 16, 13, '0000-00-00 00:00:00'),
(37, 18, 4, '0000-00-00 00:00:00'),
(38, 137, 3, '0000-00-00 00:00:00'),
(39, 311, 1, '0000-00-00 00:00:00'),
(40, 219, 1, '0000-00-00 00:00:00'),
(41, 110, 1, '0000-00-00 00:00:00'),
(42, 385, 2, '0000-00-00 00:00:00'),
(43, 163, 4, '0000-00-00 00:00:00'),
(44, 157, 3, '0000-00-00 00:00:00'),
(45, 162, 3, '0000-00-00 00:00:00'),
(46, 162, 5, '0000-00-00 00:00:00'),
(47, 162, 5, '0000-00-00 00:00:00'),
(48, 162, 5, '0000-00-00 00:00:00'),
(49, 11, 2, '0000-00-00 00:00:00'),
(50, 338, 3, '0000-00-00 00:00:00'),
(51, 218, 2, '0000-00-00 00:00:00'),
(52, 311, 2, '0000-00-00 00:00:00'),
(53, 70, 1, '0000-00-00 00:00:00'),
(54, 312, 1, '0000-00-00 00:00:00'),
(55, 75, 1, '0000-00-00 00:00:00'),
(56, 422, 4, '0000-00-00 00:00:00'),
(57, 218, 1, '0000-00-00 00:00:00'),
(58, 314, 1, '0000-00-00 00:00:00'),
(59, 217, 1, '0000-00-00 00:00:00'),
(60, 311, 1, '0000-00-00 00:00:00'),
(61, 312, 1, '0000-00-00 00:00:00'),
(62, 136, 20, '0000-00-00 00:00:00'),
(63, 50, 12, '0000-00-00 00:00:00'),
(64, 422, 3, '0000-00-00 00:00:00'),
(65, 422, 16, '0000-00-00 00:00:00'),
(66, 578, 16, '0000-00-00 00:00:00'),
(67, 197, 20, '0000-00-00 00:00:00'),
(68, 190, 1, '0000-00-00 00:00:00'),
(69, 195, 4, '0000-00-00 00:00:00'),
(70, 37, 7, '0000-00-00 00:00:00'),
(71, 629, 2, '0000-00-00 00:00:00'),
(72, 50, 10, '0000-00-00 00:00:00'),
(73, 74, 1, '0000-00-00 00:00:00'),
(74, 85, 1, '0000-00-00 00:00:00'),
(75, 68, 1, '0000-00-00 00:00:00'),
(76, 54, 12, '0000-00-00 00:00:00'),
(77, 422, 10, '0000-00-00 00:00:00'),
(78, 597, 5, '0000-00-00 00:00:00'),
(79, 624, 6, '0000-00-00 00:00:00'),
(80, 266, 2, '0000-00-00 00:00:00'),
(81, 223, 2, '0000-00-00 00:00:00'),
(82, 338, 5, '0000-00-00 00:00:00'),
(83, 220, 5, '0000-00-00 00:00:00'),
(84, 221, 5, '0000-00-00 00:00:00'),
(85, 266, 2, '0000-00-00 00:00:00'),
(86, 223, 2, '0000-00-00 00:00:00'),
(87, 225, 6, '0000-00-00 00:00:00'),
(88, 13, 12, '0000-00-00 00:00:00'),
(89, 629, 2, '0000-00-00 00:00:00'),
(90, 223, 1, '0000-00-00 00:00:00'),
(91, 222, 1, '0000-00-00 00:00:00'),
(92, 563, 24, '0000-00-00 00:00:00'),
(93, 247, 5, '0000-00-00 00:00:00'),
(94, 227, 2, '0000-00-00 00:00:00'),
(95, 109, 10, '0000-00-00 00:00:00'),
(96, 220, 3, '0000-00-00 00:00:00'),
(97, 96, 10, '0000-00-00 00:00:00'),
(98, 88, 10, '0000-00-00 00:00:00'),
(99, 102, 10, '0000-00-00 00:00:00'),
(100, 94, 9, '0000-00-00 00:00:00'),
(101, 104, 9, '0000-00-00 00:00:00'),
(102, 87, 10, '0000-00-00 00:00:00'),
(103, 92, 4, '0000-00-00 00:00:00'),
(104, 99, 6, '0000-00-00 00:00:00'),
(105, 91, 4, '0000-00-00 00:00:00'),
(106, 90, 10, '0000-00-00 00:00:00'),
(107, 314, 2, '0000-00-00 00:00:00'),
(108, 628, 2, '0000-00-00 00:00:00'),
(109, 559, 2, '0000-00-00 00:00:00'),
(110, 50, 20, '0000-00-00 00:00:00'),
(111, 54, 3, '0000-00-00 00:00:00'),
(112, 84, 2, '0000-00-00 00:00:00'),
(113, 52, 12, '0000-00-00 00:00:00'),
(114, 431, 4, '0000-00-00 00:00:00'),
(115, 309, 1, '0000-00-00 00:00:00'),
(116, 171, 2, '0000-00-00 00:00:00'),
(117, 74, 1, '0000-00-00 00:00:00'),
(118, 560, 1, '0000-00-00 00:00:00'),
(119, 61, 1, '0000-00-00 00:00:00'),
(120, 217, 1, '0000-00-00 00:00:00'),
(121, 29, 4, '0000-00-00 00:00:00'),
(122, 185, 2, '0000-00-00 00:00:00'),
(123, 190, 1, '0000-00-00 00:00:00'),
(124, 190, 1, '0000-00-00 00:00:00'),
(125, 190, 1, '0000-00-00 00:00:00'),
(126, 196, 1, '0000-00-00 00:00:00'),
(127, 359, 5, '0000-00-00 00:00:00'),
(128, 117, 15, '0000-00-00 00:00:00'),
(129, 146, 10, '0000-00-00 00:00:00'),
(130, 12, 15, '0000-00-00 00:00:00'),
(131, 11, 16, '0000-00-00 00:00:00'),
(132, 13, 10, '0000-00-00 00:00:00'),
(133, 22, 10, '0000-00-00 00:00:00'),
(134, 14, 12, '0000-00-00 00:00:00'),
(135, 629, 10, '0000-00-00 00:00:00'),
(136, 123, 25, '0000-00-00 00:00:00'),
(137, 26, 10, '0000-00-00 00:00:00'),
(138, 168, 20, '0000-00-00 00:00:00'),
(139, 599, 40, '0000-00-00 00:00:00'),
(140, 428, 18, '0000-00-00 00:00:00'),
(141, 336, 10, '0000-00-00 00:00:00'),
(142, 338, 15, '0000-00-00 00:00:00'),
(143, 339, 10, '0000-00-00 00:00:00'),
(144, 76, 2, '0000-00-00 00:00:00'),
(145, 76, 2, '0000-00-00 00:00:00'),
(146, 428, 32, '0000-00-00 00:00:00'),
(147, 796, 2, '0000-00-00 00:00:00');

-- --------------------------------------------------------

--
-- Estructura de tabla para la tabla `productos`
--

CREATE TABLE `productos` (
  `id` int(11) NOT NULL,
  `titulo` varchar(300) NOT NULL,
  `descripcion` text NOT NULL,
  `precio` float NOT NULL,
  `cantidad` int(11) NOT NULL,
  `foto` varchar(50) NOT NULL,
  `codigo` varchar(200) NOT NULL
) ENGINE=MyISAM DEFAULT CHARSET=latin1;

--
-- Volcado de datos para la tabla `productos`
--

INSERT INTO `productos` (`id`, `titulo`, `descripcion`, `precio`, `cantidad`, `foto`, `codigo`) VALUES
(9, 'Funda De Almohada caschy', '', 645, 10, '20181122071601.jpg', ''),
(378, 'cuchara corta de olivo ', '', 172, 0, '20190405030226.jpg', ''),
(336, 'bombilla alpaca torzada', 'alpaca torzada  (corrientes )\r\n\r\n\r\n\r\n', 690, 15, '20190405032534.jpg', ''),
(11, 'Termo Mega ', '', 2250, 26, '20181124104737.jpg', ''),
(12, 'Termo Bala', '', 1850, 25, '20181122072231.jpg', ''),
(13, 'Termo De Medio', '', 1480, 33, '20181123045932.jpg', ''),
(14, 'vaso Termico', '', 435, 33, '20181123050414.jpg', ''),
(15, 'Taza Cerámica caschy', '', 440, 7, '20181122072339.jpg', ''),
(16, 'mate listo de 330cc', '', 765, 2, '', ''),
(17, 'mate listo de 500cc', '', 860, 4, '', ''),
(18, 'Mate Sabio', '', 620, 4, '20181122072400.jpg', ''),
(22, 'Despolvillador', '', 515, 15, '', ''),
(593, 'bombillon medio curvo corta cincelada', '', 1500, 4, '', ''),
(562, 'billetera aguayo con cierre', 'virginia', 490, 0, '', ''),
(24, 'Cantimplora caschy', '', 495, 4, '20181123051346.jpg', ''),
(25, 'vaso con pico', '', 400, 9, '20181124105359.jpg', ''),
(26, 'lata grande', '', 455, 65, '20190405033313.jpg', ''),
(27, 'Lata Chica', '', 380, 8, '20190405033424.jpg', ''),
(29, 'set mega', '4715', 4100, 12, '20190405033751.jpg', ''),
(30, 'set bala', '4460', 3880, 23, '20181124104907.jpg', ''),
(31, 'bolso cuadrado neoprem', '', 1570, 3, '20181124105301.jpg', ''),
(32, 'lonchera caschi', '', 950, 5, '', ''),
(33, 'neceser cuadrado', '', 690, 4, '', ''),
(34, 'diver caschy', '', 750, 8, '20190405083752.jpg', ''),
(35, 'bolso matero caschy', '', 1200, 13, '20190325095142.jpg', ''),
(36, 'carterita felpa', '', 695, 5, '20190325095506.jpg', ''),
(37, 'car bag', '', 590, 15, '20181122072503.jpg', ''),
(38, 'porta celular caschy', '', 450, 9, '', ''),
(39, 'mousepad', '', 280, 6, '20190325095316.jpg', ''),
(40, 'funda para tablet 10´', '', 660, 12, '20181124105042.jpg', ''),
(41, 'funda de tablet 7¨ ', '', 510, 2, '', ''),
(43, 'llavero con diseño caschy', '', 260, 13, '20181122072530.jpg', ''),
(563, 'pashmina shal', 'virginia', 650, 28, '', ''),
(45, 'almohadita para bebe', '', 500, 12, '20190325095338.jpg', ''),
(46, 'individual caschy ', '', 530, 6, '', ''),
(47, 'agenda caschy', '', 270, 7, '20181124112138.jpg', ''),
(48, 'posa vaso', '', 170, 15, '20181124105019.jpg', ''),
(49, 'remeritas de niños', '', 570, 11, '20190408043558.jpg', ''),
(50, 'cazuela con manija', '', 190, 53, '20181124105111.jpg', ''),
(51, 'cazuela lisa', '', 190, 6, '20190408043748.jpg', ''),
(52, 'cazuelin', '', 80, 20, '20190408043957.jpg', ''),
(561, 'cónica extra extra', '', 2700, 0, '', ''),
(54, 'cazuela ovalada grande ', '', 200, 9, '', ''),
(560, 'bandeja ovalada mediana c/ oreja', '', 770, 3, '', ''),
(559, 'bandeja ovalada grande c/oreja', '', 900, 2, '', ''),
(60, ' Huevo cuello alto chico', '', 1180, 2, '20190410073241.jpg', ''),
(61, 'Huevo Chica', '', 1280, 4, '20190410073357.jpg', ''),
(314, 'paellera grande ', '', 1490, 3, '20190410073811.jpg', ''),
(63, 'Huevo  tapa adentro ', '', 1550, 0, '20190410074221.jpg', ''),
(64, 'Huevo cuello alto  Mediano ', '', 1185, 2, '20190410074922.jpg', ''),
(727, 'bocon rojo virola alpaca. calden', 'n7', 760, 1, '', ''),
(65, 'cacerola mini mini', '', 990, 4, '20190410075122.jpg', ''),
(66, 'cacerola mini', '', 1280, 2, '', ''),
(67, 'cacerola grande ', 'Grande \r\n', 2010, 0, '', ''),
(68, 'cacerola extra', '', 2280, 1, '', ''),
(312, 'olla cuadrada grande', '', 1750, 3, '', ''),
(70, 'Cónica mini', '', 1250, 4, '', ''),
(313, 'olla rectangular  alta', '', 1530, 0, '', ''),
(72, 'cónica 0 con manija', '', 1265, 0, '', ''),
(73, 'olla Rectangular chata', '', 1535, 3, '', ''),
(74, 'olla Cuadrada extra', '', 2010, 4, '', ''),
(75, ' Olla Cuadrada chica ', 'Chica', 1380, 2, '', ''),
(76, 'Olla Ovalada  grande ', '', 1490, 2, '20190325094023.jpg', ''),
(77, ' Ovalada  alta mediana', ' alta Mediana', 1180, 2, '', ''),
(78, 'Olla Ovalada  chica ', 'Chica ', 830, 2, '', ''),
(79, 'Olla Ovalada extra', '', 2090, 2, '', ''),
(80, 'Tacho  liso chico ', '', 1100, 2, '', ''),
(630, 'tacho chato chico', '', 1060, 1, '', ''),
(82, '  Tacho  liso mediano ', '\r\n', 1270, 3, '', ''),
(83, ' Tacho  extra', 'Extra ', 2010, 3, '', ''),
(84, 'Tajine', '', 1300, 3, '', ''),
(85, 'Sarten mediano con tapa', 'Con Tapa', 900, 1, '', ''),
(87, 'Tazón  grande Mp', 'Grande (Cerámica,Mar de plata)', 325, 12, '', ''),
(88, 'Tazón chico mp', 'Chico mar del plata\r\n', 290, 13, '', ''),
(89, 'Azucarera redonda mp', '', 340, 2, '', ''),
(90, 'Pocillo chico redondo ', '', 210, 16, '', ''),
(91, 'Pocillo recto', '', 210, 10, '', ''),
(92, 'Capuccino', '', 260, 9, '', ''),
(558, 'torpedo uruguayo color', 'gisel', 1600, 11, '', ''),
(94, 'Mate  chico mp', '', 260, 13, '', ''),
(359, 'mini set matero caschy', 'dos latas y un mate de vidrio ', 1490, 9, '20190325094208.jpg', ''),
(96, 'Mate  Boca Ancha mp', '', 390, 14, '', ''),
(97, 'Azucarera y yerbera grande juego', '', 650, 0, '', ''),
(98, 'Yerba y azucarera individual', '', 298, 0, '', ''),
(99, 'Jarrito recto mediano mp', '', 290, 11, '', ''),
(715, 'bombilla nueva alpaca con piedra', '', 490, 4, '', ''),
(101, 'Azucarera Grande Recta mp', '', 310, 3, '', ''),
(102, 'Jarro grande mp', '', 325, 15, '', ''),
(103, 'Chop chica mp', '', 350, 2, '', ''),
(104, 'Chopera grande mp', 'Grande ', 410, 20, '', ''),
(105, 'Cazuela redonda chica mp', '', 230, 1, '', ''),
(106, 'Cazuela redonda grande mp', '', 290, 2, '', ''),
(107, 'Cazuela ovalada mp', 'Ovalada ,cerámica', 290, 6, '', ''),
(108, 'Untador De Alpaca ', '', 400, 12, '', ''),
(109, 'Mochila aguayo grande', '', 1250, 16, '', ''),
(582, 'campera cuello a la base', 'unisex', 1400, 1, '', ''),
(714, 'torpedo cincelado acero inoxidable', '', 2280, 1, '', ''),
(112, 'neceser vertical', '', 675, 8, '', ''),
(113, 'cartuchera de neoprem', '', 490, 8, '20181124105219.jpg', ''),
(117, 'mate de vidrio y cuero', '', 550, 39, '', ''),
(125, 'bombilla de color caschy', '( chica)\r\n', 130, 46, '', ''),
(123, 'bombilla de alpaca caschy)', 'Alpaca (caschy)\r\n', 565, 34, '', ''),
(721, 'torpedo doble virola de alpaca. calden', 'n1', 865, 2, '', ''),
(380, 'cuchara alemana de olivo ', '', 180, 3, '', ''),
(742, 'camionero cuero cro - cro mario', '', 3800, 3, '', ''),
(382, 'bandeja canoa  trabajada', '', 3000, 0, '', ''),
(720, 'kit asado económico ', 'plato, cubiertos y estuche', 1495, 8, '', ''),
(376, 'pala de pizza de olivo ', '', 175, 9, '', ''),
(377, '´pala de canelones de olivos ', '', 172, 4, '', ''),
(146, 'Mate porcelana y alpaca', '', 1550, 18, '20181129055143.jpg', ''),
(147, 'mate de calabaza caschy', '', 1550, 4, '', ''),
(150, 'Bandeja Cardón, chica rectangular ', '', 420, 1, '', ''),
(151, 'Bandeja Cardón, chica Exagonal ', '', 420, 1, '', ''),
(152, 'Pava Chica ', '', 430, 2, '', ''),
(153, 'Pava mediana', '', 830, 3, '', ''),
(553, 'bandeja canoa lisa', '', 2750, 0, '', ''),
(552, 'juego de candelabro chico', '', 3500, 1, '', ''),
(160, 'lata económica ploteada ', 'latas economicas ', 250, 0, '', ''),
(426, 'mate de calabaza alpaca y piedra ', 'tandil', 1150, 4, '20190430033014.jpg', ''),
(162, 'Aguayo chico', '3 c.s/interes $980\r\n\r\n\r\n', 830, 15, '20190325093643.jpg', ''),
(390, 'cazuela grande con manija', '', 190, 11, '', ''),
(165, 'sopera', '', 125, 14, '', ''),
(166, 'fuente ovalada chica c/manija', '', 630, 9, '', ''),
(167, 'Bombilla pico de loro de alpaca y plata ', '  (emilio gualeguaychú)', 990, 2, '', ''),
(168, 'Bombilla pico de loro burton', 'de acero inoxidable niquelada', 650, 19, '', ''),
(169, 'Bombilla chata con dije en alpaca peruana', 'emilio', 290, 3, '', ''),
(171, 'jarra de vino grande', '', 530, 4, '', ''),
(172, 'tacho mediano alto', '', 1320, -1, '', ''),
(414, 'mate copita económico ana', '', 500, 0, '', ''),
(174, 'fuente redonda nueva', '', 730, 3, '', ''),
(176, 'Bombilla  sueño con perla', 'de acero inoxidable niquelada, desarmable', 280, 2, '', ''),
(768, 'cartera mari de cuero', '', 3750, 5, '', ''),
(725, 'bocon triple fleje. calden', 'n5', 795, 2, '', ''),
(366, 'florero chico cafayate ', '', 320, 1, '', ''),
(180, 'florerito chico cafayate ', 'florerito pequeño de 45', 0, 0, '', ''),
(181, 'florero mediano cafa', '', 360, 0, '', ''),
(182, 'floreritos largos de 100 cafayate ', '', 225, 0, '', ''),
(183, 'floreros de boca ancha cafaya', '', 282, 0, '', ''),
(184, 'caramelera cafa', '', 400, 6, '', ''),
(185, 'huevo alajero cafaya', '', 550, 2, '', ''),
(711, 'torpedo virola lisa alpaca base de cuero', 'carla', 3650, 3, '', ''),
(187, 'alajero chico cafayate', '', 120, 0, '', ''),
(188, 'mascaras cafayate', '', 530, 2, '', ''),
(189, 'cantimploras cafaya', '', 290, 0, '', ''),
(190, 'tetera cafaya', '', 480, 3, '', ''),
(191, 'taza grande + plato cafayate', '', 250, 27, '', ''),
(192, 'dulcera salpicada ', '', 110, 14, '', ''),
(193, 'dulcera lisa', '', 110, 3, '', ''),
(194, 'cerveceras cafaya', '', 250, 25, '', ''),
(195, 'mate cafayate ', '', 260, 0, '', ''),
(196, 'jarra de 1 litro cafaya ', '', 440, 3, '', ''),
(197, 'cazuela cafaya ', '', 210, 17, '', ''),
(199, 'mate camionero econ ', 'cuero y  con virola de aluminio ', 600, 0, '', ''),
(338, 'bombilla alpaca 1 bomba lisa', '', 900, 25, '', ''),
(201, 'cuchara larga alamo carolino', 'madera de alamo carolino y pintura organica', 528, 3, '', ''),
(202, 'pinza para ensalada alamo carolino', '', 649, 0, '', ''),
(203, 'cucharon grande alamo carolino', '', 715, 2, '', ''),
(204, 'legumbrera alamo carolino', '', 545, 1, '', ''),
(205, 'untador largo alamo carolino', '', 297, 1, '', ''),
(206, 'pizera chica alamo carolino', '', 660, 1, '', ''),
(207, 'pizera grande alamo carolino', '', 715, 1, '', ''),
(208, 'pala rectangular alamo carolino', '', 715, 0, '', ''),
(209, 'dulcera con cucharita alamo carolino', '', 660, 1, '', ''),
(211, 'untador corto alamo carolino', '', 176, 1, '', ''),
(212, 'cucharita alamo carolino', '', 165, 4, '', ''),
(372, 'bandeja redonda extra grande trabajada ', '', 6480, 1, '', ''),
(217, 'cacerola mediana', ' mediana', 1470, 2, '', ''),
(218, ' cónica N5', '', 1900, 3, '', ''),
(219, ' huevo grande', '', 1550, 0, '', ''),
(220, 'AGUAYO SUPER GRANDE GRUESO', '2200 3 cuotas', 1990, 10, '', ''),
(221, 'AGUAYO GRANDE', '3 CUOTAS 1400 ', 1200, 23, '', ''),
(222, 'CAMINO DE MESA', '', 1500, 6, '', ''),
(223, 'TAPIZ rectangular ', '', 1800, 13, '', ''),
(224, 'puyo chico', '3 cuotas 3950', 3400, 1, '', ''),
(225, 'puyo grande ', '4300', 3800, 7, '', ''),
(226, 'mochila chica de puyo', '', 1100, 6, '', ''),
(227, 'mochila mediana puyo', '', 1350, 5, '', ''),
(228, 'cartuchera de puyo', '', 299, 7, '', ''),
(229, 'COLERO pompones', '', 110, 31, '', ''),
(230, 'CARTERITA PUYO', '', 790, 8, '', ''),
(232, 'BILLETERAS BORDADAS con cierre bordada hilo ceda ', '', 890, 2, '', ''),
(233, 'CARTERA TURQUESA bordada', '', 3000, 1, '', ''),
(234, 'mochila gamuza bordada cuadrada', '', 2700, 6, '', ''),
(235, 'MOCHILA DE CUERO ECOLOGICO DE COLOR', '', 1000, 1, '', ''),
(236, 'PAÑUELOS GRANDE  BORDADOS', '', 550, 1, '', ''),
(237, 'sweater T.P', '', 890, 4, '', ''),
(238, 'ALPARGATA DE AGUAYO', '', 300, 9, '', ''),
(239, 'MONEDERO PUYO CHICO', '', 290, 7, '', ''),
(241, 'FLAUTA', '', 150, 12, '', ''),
(242, 'AGENDA CHICA DE AGUAYO ', '', 350, 6, '', ''),
(243, 'AGENDA MEDIANA aguayo ', '', 450, 10, '', ''),
(244, 'AGENDA GRANDE', '', 680, 2, '', ''),
(245, 'ORGANIZADOR', '', 500, 5, '', ''),
(738, 'huevo extra nueva', '', 2, 2, '', ''),
(247, 'MOCHILA GRANDE PUYO', '', 1570, 7, '', ''),
(248, 'FUNDA DE ALMOHADON aguayo ', '', 750, 5, '', ''),
(249, 'TELAR PAISAJE', '', 850, 3, '', ''),
(250, 'CAMINO BORDADO', '', 990, 5, '', ''),
(252, 'PORTA CELULAR', '', 350, 11, '', ''),
(253, 'PORTA CELULAR GRANDE', '', 400, 14, '', ''),
(254, 'BILLETERAS DE CUERO MUJER', '', 800, 9, '', ''),
(255, 'CARTUCHERA CUERO ECO Y AGUAYO', '', 280, 2, '', ''),
(256, 'BINCHA DE AGUAYO', '', 180, 10, '', ''),
(739, 'torpedo uruguayo virola alpaca y bronce carla', '', 3800, 5, '', ''),
(259, 'COLERO DE AGUAYO ', '', 100, 21, '', ''),
(260, 'LLAMA GRANDE', '', 450, 7, '', ''),
(261, 'BILLETERA DE AGUAYO con abrojo ', '', 300, 5, '', ''),
(262, 'PASHMINAS CON GUARDA AGUAYO ', '', 750, 9, '', ''),
(263, 'CARTUCHERA DE AGUAYO', '', 180, 5, '', ''),
(265, 'LLAVERO DE PUYO largo ', '', 230, 2, '', ''),
(266, 'TAPIZ rectangular bordado ', '', 1200, 7, '', ''),
(267, 'BIROME DE AGUAYO NENA Y ABEJA', '', 150, 17, '', ''),
(269, 'CARTERITA CHANCHITA DE PUYO', '', 600, 1, '', ''),
(740, 'bombilla uruguaya cincelada nueva carla', '', 1750, 5, '', ''),
(271, 'LAPICES ECOLOGICOS', '', 50, 26, '', ''),
(424, 'chulo reversible', '', 380, 7, '', ''),
(273, 'monederito de puyo ', '', 290, 5, '', ''),
(274, 'BILLETERA CUERO HOMBRE', '', 480, 7, '', ''),
(275, 'LLAVERO DE FLOR', '', 170, 46, '', ''),
(276, 'PORTA COSMETICO DE PUYO GRANDE', '', 425, 6, '', ''),
(277, 'BIROME DE LLAMA', '', 120, 49, '', ''),
(278, 'BILLETERA DE AGUAYO CON METAL', '', 420, 1, '', ''),
(547, 'cartera cuadrada bordada marrón', '', 2500, 1, '', ''),
(548, 'cartera cuadrada bordada negra', '', 2000, 0, '', ''),
(549, 'mochila de tela negra bordada', '', 2700, 1, '', ''),
(284, 'JUEGO DE TE EN ALPACA', 'BANDEJA, AZUCARERA, CUCHARITA, TETERITA, CAFETERA, JARRITA CREMERA', 17000, 1, '', ''),
(285, 'azucarera grande trabajada alpaca', '', 2480, 5, '', ''),
(287, 'jarrita cremera trabajada ', '', 2250, 1, '', ''),
(288, 'PORTA VINOS', '', 1550, 4, '', ''),
(289, 'UNTADORES EN ALPACA', '', 350, 16, '', ''),
(551, 'bandeja cuadrada grande lisa', '', 4500, 1, '', ''),
(291, 'juego candelabro grande', '', 3840, 1, '', ''),
(743, 'camionero virola cincelada base alpaca mario', '', 3800, 3, '', ''),
(550, 'bandeja redonda chica lisa', '', 3750, 1, '', ''),
(539, 'olla redonda chica nueva ', '', 830, 1, '', ''),
(400, 'llamita tejida', '', 300, 2, '', ''),
(298, 'bombilla media perla', '', 250, 37, '20190325100508.jpg', ''),
(401, 'cuchara bamboo', '', 100, 54, '', ''),
(300, 'bombilla personalizada', '', 230, 51, '', ''),
(304, 'mi primer mate', 'lonchera, termo de medio, mate sabio, lata chica', 3080, 1, '20190325094333.jpg', ''),
(306, 'lonchera', '', 700, 10, '', ''),
(744, 'camionero base y virola alpaca liso mario', '', 3520, 3, '', ''),
(309, 'Cónica N*0 ', '', 1199, 3, '', ''),
(311, 'Cónica N*3', '', 1600, 1, '', ''),
(317, 'bandeja ', 'grande con oreja', 759, 1, '', ''),
(318, 'bandeja ', 'chica con oreja ', 690, 1, '', ''),
(319, 'bandeja ', 'rectangular chica ', 690, 1, '', ''),
(320, 'medio imperial', 'cuero y media virola en alpaca trabajada (uruguayo de córdoba)', 3150, 0, '', ''),
(745, 'torpedo cincelado cuero y alpaca mario', '', 2800, 8, '', ''),
(722, 'porteño base en madera y virola alpaca. calden', 'n2', 850, 0, '', ''),
(324, 'mate copa virola trabajada', '', 2280, 0, '', ''),
(326, 'pava grande', '', 930, 2, '', ''),
(328, 'jarra de vino chica', '', 346, 0, '', ''),
(329, 'JARRA ARENADA NEGRA ', 'chica ', 418, 1, '', ''),
(330, 'cazuela grande ', '', 187, 1, '', ''),
(331, 'chop barro', '', 180, 8, '', ''),
(332, 'sarta dedal ', 'x12  chico', 100, 10, '', ''),
(333, 'sarta dedal ', 'x12 grande ', 0, 1, '', ''),
(334, 'tacho mediano', '', 1150, 1, '', ''),
(335, 'olla ', 'gigante en 3 cuotas s/i $3000', 2750, 1, '', ''),
(339, 'bombilla alpaca doble bomba', '', 1120, 22, '', ''),
(340, 'bandeja ', 'ovalada chica', 506, 0, '', ''),
(341, 'set de desayuno', 'incluye plato , bowl y taza', 490, 3, '20190325101426.jpg', ''),
(342, 'taza melamina', '', 285, 9, '', ''),
(343, 'bolso termico caschy', '', 1280, 4, '', ''),
(344, 'lapices caschy', '', 0, 16, '', ''),
(345, 'bombilla aluminio caschy', '', 130, 4, '', ''),
(346, 'cartuchera tela gruesa caschy', '', 560, 4, '', ''),
(347, 'almohadita con semillas de lino y lavanda', '', 610, 2, '', ''),
(348, 'remera de hombre', '', 925, 14, '', ''),
(349, 'remera de mujer', '', 850, 6, '', ''),
(351, 'body de bebe', '', 650, 3, '', ''),
(352, 'billetera hombre caschy', '', 1240, 0, '', ''),
(353, 'billetera mujer caschy', '', 1480, 0, '', ''),
(354, 'planchas de stickers', '', 350, 3, '', ''),
(355, 'caja de te de 2 ', '', 840, 2, '', ''),
(356, 'caja de te de 6', '', 1740, 5, '', ''),
(357, 'caja de te de 12', '', 2640, 3, '', ''),
(361, 'puyo chico', '', 3400, 2, '20190325093745.jpg', ''),
(362, 'chopera  cafayate', 'cafayate ', 290, 14, '', ''),
(363, 'azucarera  grande cafayate', '', 255, 15, '', ''),
(365, 'jarron grande', '', 580, 2, '20190325100432.jpg', ''),
(545, 'tenedor de algarrobo ', '', 280, 4, '', ''),
(370, 'kit de asado ', 'cubiertos . plato de madera (algarrobo) \r\nestuche de cuero ', 0, 0, '20190325093453.jpg', ''),
(520, 'azucarera chica trabajada alpaca', '', 1895, 2, '', ''),
(381, 'juego copetinero barro', 'plato y 4 cazuelitas ', 490, 2, '', ''),
(518, 'bandeja cuadrada chica lisa de alpaca', '', 3780, 2, '', ''),
(383, 'bandera wipala grande', '', 500, 2, '', ''),
(384, 'bandera wipala chica', '', 320, 0, '', ''),
(385, 'bolso de aguayo', 'en 3 cuotas s /i $1380', 1200, 1, '', ''),
(466, 'set cuadrado', 'bolso cuadrado, termo bala, mate de vidrio, lata chica', 3306, 1, '', ''),
(386, 'matera de cuero', '3 cuotas', 1800, 21, '20190325093422.jpg', ''),
(512, 'adorno para cartera ', '', 180, 29, '', ''),
(516, 'puyos con letras ', '', 3800, 2, '', ''),
(387, 'bandeja redonda lisa grande 25x30', '', 3900, 0, '20190325095112.jpg', ''),
(391, 'cuadro rupestre de 1 mp ', '', 195, 0, '', ''),
(392, 'cuadro rupestre m.p2', '', 320, 1, '', ''),
(393, 'cuadro rupestre m.p3 ', '', 450, 1, '', ''),
(394, 'salserita  lisa cafayate ', '', 94, 40, '', ''),
(395, 'bandeja ovalada economica', '', 435, 0, '', ''),
(396, 'compoteras con rayas', '', 119, 22, '', ''),
(397, 'jarrón mediano cafayate', '', 420, 2, '', ''),
(398, 'bandeja redonda chica trabajada ', '', 4140, 1, '', ''),
(402, 'cuchara larga olivo', '', 180, 1, '', ''),
(403, 'juego palo santo', '', 290, 0, '', ''),
(404, 'cuchara larga algarrobo', '', 280, 6, '', ''),
(697, 'bombilla curvo burton con dije dorado', '', 350, 7, '', ''),
(406, 'juego de manopla grueso', '', 150, 7, '', ''),
(407, 'juego manopla finas', '', 100, 4, '', ''),
(408, 'delantal', '', 150, 0, '', ''),
(409, 'individuales de corderoi x2', '', 100, 13, '', ''),
(410, 'mascaras grandes jujuy', '', 150, 1, '', ''),
(411, 'mascaras chicas jujuy', '', 80, 1, '', ''),
(412, 'juego de mate mar del plata', 'fuente, yerbera, azucarera, mate chico', 600, 0, '', ''),
(413, 'mate barro jujuy', '', 100, 0, '', ''),
(415, 'porito económico ', '', 990, 1, '', ''),
(583, 'sweater unisex', '', 1200, 1, '', ''),
(417, 'bombilla pico curvo burton', '', 680, 7, '', ''),
(418, 'tapas de termo ', '', 120, 11, '', ''),
(420, 'bombilla alpaca de py', '', 0, 0, '', ''),
(422, 'mate imperial con incrustaciones de bronce (cordoba)', '', 4350, 38, '', ''),
(423, 'vasija de la abundancia', '', 100, 8, '', ''),
(451, 'azucarera grande barro', '', 120, 1, '', ''),
(519, 'bandeja cuadrada grande trabajada ', '', 5400, 1, '', ''),
(425, 'chulo de polar', '', 490, 9, '', ''),
(427, 'bombillas de caña y pico de alpaca', 'caña tallada', 380, 4, '', ''),
(428, 'mate personalizado cordoba', 'pescado, misiones, cactus y flor', 1950, 38, '', ''),
(429, 'bombilla de pescador', 'en alpaca', 1210, 13, '', ''),
(430, 'azucarerita de jujuy', '', 100, 0, '', ''),
(431, 'cazuelines negro ', '', 66, 8, '', ''),
(432, 'mate con frase estampado', '', 680, 0, '20190601031702.jpg', ''),
(433, 'juego para ensalada de alpaca y hueso', '', 1440, 3, '', ''),
(435, 'champañera grande redonda', '', 5750, 1, '', ''),
(436, 'hielera chica redonda', '3335', 3350, 1, '', ''),
(437, 'cuchara para yerba alpaca y hueso', '', 400, 6, '', ''),
(517, 'bandeja paila chica lisa ', '', 3130, 1, '', ''),
(439, 'champañera grande ovalada', '', 5750, 1, '', ''),
(440, 'hielera chica ovalada', '', 3350, 0, '', ''),
(441, 'caja de te de 9', '', 2400, 4, '', ''),
(442, 'porta retrato grande grande', '', 1750, 2, '', ''),
(443, 'porta retrato mediano', '', 1510, 1, '', ''),
(444, 'porta retrato chico', '', 1250, 2, '', ''),
(478, 'tulmas', '', 300, 13, '', ''),
(446, 'caja de te de 3', '', 1180, 4, '', ''),
(447, 'caja de te de 4', '', 1440, 1, '', ''),
(448, 'caja de te de 8', '', 2180, 5, '', ''),
(449, 'pantalon TALLE S', '', 1350, 4, '', ''),
(450, 'remera niño caschi', '', 750, 3, '', ''),
(452, 'cuchara de madera grande ', '', 300, 1, '', ''),
(453, 'busos de nora', '', 1, 8, '', ''),
(454, 'pashmina LANA BORDADA ', '', 800, 1, '', ''),
(455, 'ruanas gruesa ', '', 2900, 3, '', ''),
(456, 'sobres nora', '', 1, 5, '', ''),
(546, 'billetera de gamuza y bordado', '', 990, 17, '', ''),
(458, 'mochila bordada nora', '', 1, 3, '', ''),
(746, 'porta retrato grande asta', '', 1900, 1, '', ''),
(460, 'cartera blanca bordada', '', 3000, 1, '', ''),
(462, 'ruana bordada con fieltro ', 'nora', 2200, 3, '', ''),
(463, 'capa artesanal de polar nora', '', 3000, 0, '', ''),
(464, 'bombilla pico de loro acero', 'emilio', 600, 2, '', ''),
(723, 'bocon doble fleje base alpaca. calden', 'n3', 935, 1, '', ''),
(467, 'mate con frase laser', '', 650, 0, '', ''),
(581, 'torpedo económico ana', '', 850, 1, '', ''),
(543, 'plato con guarda cafayate ', '', 335, 13, '', ''),
(470, 'PALITA DE YERBERA DE ALPACA Y MADERA ', '', 1, 0, '', ''),
(471, 'PALITA DE ALPACA Y HUESOS ', '', 1, 1, '', ''),
(473, 'bombilla pico de loro trabajada alpaca', '', 1100, 2, '', ''),
(476, 'MATE DE CABALLO ', '', 1, 1, '', ''),
(528, 'mate calabaza chico virola alpaca', 'emilio gualeguay ', 480, 4, '', ''),
(578, 'TORPEDO ECONOMICO', '', 490, 10, '', ''),
(480, 'cazeulines chico', '', 60, 13, '', ''),
(481, 'AGUAYO mediano grueso 1.50mx 1.50', '1200', 1000, 1, '', ''),
(482, 'funda de almohadon de aguayo bordada ', '', 750, 5, '', ''),
(483, 'Sweater niño talle p ', '', 890, 6, '', ''),
(484, 'Sweater dama talle S', '', 1200, 3, '', ''),
(485, 'canguro dama talle S ', '', 1300, 7, '', ''),
(486, 'campera dama talle u', '', 1680, 5, '', ''),
(487, 'Sweater dama talle M ', '', 1200, 4, '', ''),
(488, 'Campera para hombre talle  G  ', '', 1680, 8, '', ''),
(489, 'canguro hombre talle G ', '', 1300, 2, '', ''),
(490, 'sweater hombre talle XL ', '', 1200, 0, '', ''),
(491, 'PANTALÓN TALLE M ', '', 1350, 7, '', ''),
(492, 'PANTALÓN TALLE L ', '', 1350, 2, '', ''),
(493, 'PANTALÓN TALLE xL', '', 1350, 5, '', ''),
(494, 'cartuchera de puyo ', '', 290, 12, '', ''),
(495, 'cartuchera de cuero y aguayo eco', '', 280, 9, '', ''),
(496, 'neceser bordado de lana (sobre) ', '', 850, 12, '', ''),
(497, 'monedero cartera aguayo y cuerina ', '', 225, 13, '', ''),
(554, 'bombilla alpaca 3 bombas', '', 1300, 10, '', ''),
(499, 'imán  llamita ', '', 100, 22, '', ''),
(500, 'prendedor wipala ', '', 80, 20, '', ''),
(501, 'MOCHILA DE PUYOS CHICA ', '', 1100, 8, '', ''),
(502, 'BANDOLERA DE PUYO CHICO ', '', 790, 8, '', ''),
(503, 'MORRAL CUADRADO PUYO ', '', 890, 0, '', ''),
(504, 'PAÑALERA DE AGUAYO ', '', 800, 2, '', ''),
(505, 'bolso cuadrado de puyo', '', 1800, 3, '', ''),
(506, 'MOCHILA CUADRADA BORDADA ', '', 2700, 8, '', ''),
(507, 'MOCHILA CUADRADA BLANCA BORDADA CUERO ', '', 2500, 2, '', ''),
(508, 'MOCHILA NEGRA BORDADA CUERO ', '', 2500, 3, '', ''),
(509, 'MOCHILA NEGRA DE TELA BORDADA ', '', 2700, 1, '', ''),
(510, 'CARTERA DE CUERO Y GAMUZA', '', 3600, 1, '', ''),
(511, 'MOCHILA CUERO Y GAMUZA ', '', 3990, 3, '', ''),
(513, 'llavero pelotita de color ', '', 170, 20, '', ''),
(514, 'colgante larg adorno ', '', 650, 28, '', ''),
(515, 'colgante corto adorno ', '', 450, 27, '', ''),
(521, 'azucarera chica alpaca lisa', '', 1600, 1, '', ''),
(522, 'conservadora caschy ', '', 1150, 4, '', ''),
(523, 'llamita tejida con cactus ', '', 550, 6, '', ''),
(524, 'llamita tejida con auricular', '', 450, 2, '', ''),
(525, 'bombillon trabajada alpaca base grande ', '', 1320, 1, '', ''),
(724, 'bocon común. calden', 'n4', 635, 0, '', ''),
(595, 'bombilla curva alpaca torzada corta', '', 1600, 4, '', ''),
(579, 'cacerola gigante', '', 3100, 1, '', ''),
(531, 'mate torpedo alpaca cincelada ', 'carla gualeuay ', 3600, 2, '', ''),
(532, 'mate torpedo alpaca virola lisa ', 'carla gualeguay ', 3360, 0, '', ''),
(533, 'mate camionero boca ancha en alpaca ', 'carla gauleguay ', 3520, 18, '', ''),
(580, 'camionero económico ana', '', 850, 7, '', ''),
(726, 'bocon base alpaca. calden', 'n6', 770, 2, '', ''),
(536, 'olla ovalada mediana alta', '', 1180, 1, '', ''),
(537, 'olla ovalada mediana chata', '', 1100, 1, '', ''),
(538, '  olla  cuadrada mini nueva ', '', 850, 2, '', ''),
(719, 'cintos de cuero', '', 500, 8, '', ''),
(765, 'floreros chicos ', '', 170, 2, '', ''),
(741, 'mate calabaza trenzado con base alambre', '', 650, 12, '', ''),
(564, 'torpedo imperial cincelado ', 'soldado en plata e incrustaciones en bronce.', 3300, 1, '', ''),
(565, 'bombillon uruguayo cincelado ', 'alpaca y plata', 1880, 13, '', ''),
(567, 'bombilla uruguaya en alpaca lisa', '', 1500, 1, '', ''),
(568, 'mate copa en cuero y virola en alpaca', 'de emilio', 990, 0, '', ''),
(569, 'bombilla trabajada en alpaca, baño de plata y oro', 'emilio', 790, 0, '', ''),
(570, 'bombilla pico de loro alpaca', 'emilio', 750, 0, '', ''),
(571, 'billetera de niño caschy', '', 670, 3, '', ''),
(572, 'cuello polar caschy', '', 575, 3, '', ''),
(573, 'porta cinturon caschi', '', 650, 3, '', ''),
(574, 'bandolera de cuero', 'nora', 1980, 3, '', ''),
(575, 'cartera cuero crudo cuadrada', 'nora', 2800, 2, '', ''),
(576, 'billetera de cuero cruda', 'nora', 880, 3, '', ''),
(584, 'gorra caschy', '', 600, 2, '', ''),
(577, 'bombilla acero doble filtro', '', 230, 0, '', ''),
(585, 'mate bocon con base cuero', 'tandil', 990, 0, '', ''),
(586, 'mate calabaza uruguayo premium c/alpaca y piedra', 'tandil', 1350, 1, '', ''),
(587, 'mate calabaza clásico con piedra', 'tandil', 1350, 1, '', ''),
(588, 'mate calabaza bocon liso y tallado', 'tandil', 900, 1, '', ''),
(589, 'mate calabaza copa sin piedra', 'tandil', 900, -1, '', ''),
(590, 'mate calabaza economico norte', 'tandil', 600, 0, '', ''),
(591, 'bombilla de caña lisa', 'tandil', 350, 3, '', ''),
(592, 'bombilla alpaca con piedra', 'tandil', 990, 8, '', ''),
(594, 'bombillon medio curvo corta lisa', '', 1500, 3, '', ''),
(596, 'camionero cuero virola cincelada', '', 3720, 10, '20190730110436.jpg', ''),
(597, 'mate calabaza con posa base de alpaca', '', 2880, 7, '', ''),
(598, 'bombilla pico loro torzada', 'ricardo', 790, 2, '', ''),
(599, 'bombilla chata logo NORTE', '', 250, 69, '', ''),
(600, 'bandeja alpaca forma de hoja', '', 1950, 4, '20190730104508.jpg', ''),
(601, 'porta retrato mediano con asta', '', 1650, 0, '20190730105407.jpg', ''),
(602, 'mate alpaca cincelada', '', 4500, 1, '20190730110733.jpg', ''),
(603, 'azucarera alpaca chica con cucharita', '', 0, 2, '20190730111516.jpg', ''),
(604, 'cremerita chiquita en alpaca', '', 890, 2, '20190730111850.jpg', ''),
(605, 'cuchara alpaca con hueso', '', 0, 5, '', ''),
(606, 'brazalete ancho', '', 0, 3, '', ''),
(607, 'brazalete angosto', '', 0, 2, '', ''),
(608, 'broche con traba', '', 0, 3, '', ''),
(609, 'broche aguja', '', 0, 3, '', ''),
(610, 'prendedores', '', 0, 5, '', ''),
(611, 'brazalete con aguayo', '', 0, 5, '', ''),
(728, 'bocon rojo base y virola alpaca. calden', 'n8', 840, -2, '', ''),
(704, 'mate cruz de malta', 'córdoba', 1950, 1, '', ''),
(617, 'bandolera blanca bordada', '', 1600, 1, '', ''),
(618, 'chanchita bordada rosada', '', 0, 1, '', ''),
(619, 'cinto de aguayo', '', 700, 3, '', ''),
(620, 'cinto bordado', '', 990, 4, '', ''),
(621, 'camperita bordada niño', '', 1300, 2, '', ''),
(622, 'ruana lisa fina', '', 1800, 2, '', ''),
(623, 'set de aguayo para mesa', '19 piezas', 0, 2, '', ''),
(624, 'mate calabaza con riendas y base alpaca', '', 3500, 8, '', ''),
(625, 'copa cincelado cuero y alpaca', '', 2980, 1, '', ''),
(626, 'bandeja tipo wok barro', '', 700, 1, '', ''),
(627, 'tacho alto grande', '', 1500, 1, '', ''),
(628, 'paellera chica', '', 995, 4, '', ''),
(629, 'mate listo autocebante acero caschi', '', 1165, 11, '', ''),
(631, 'mate cuero peludo', '', 1600, 4, '', ''),
(632, 'mate simil cocodrilo', '', 1300, 0, '', ''),
(633, 'camionero uruguayo ', '', 1880, 6, '', ''),
(634, 'calabaza con base metal', '', 1500, 1, '', ''),
(635, 'mate de madera algarrobo y alpaca', '', 840, 12, '', ''),
(636, 'cartera negra bordada', '', 3000, 1, '', ''),
(637, 'kit de asado cuero con vaso ', '', 1870, 2, '', ''),
(638, 'cartuchera cilindricas', '', 0, 5, '', ''),
(639, 'billetera de lana bordada', '', 600, 4, '', ''),
(640, 'birome muñeca cara madera', '', 0, 10, '', ''),
(641, 'birome muñeca ojos moviles', '', 0, 13, '', ''),
(642, 'birome con resorte', '', 0, 6, '', ''),
(643, 'lápiz condor', '', 0, 12, '', ''),
(644, 'monedero gamuza con puntos de colores', '', 850, 5, '', ''),
(645, 'llavero monederito con botón', ' de aguayo', 0, 12, '', ''),
(646, 'llavero cajita chayera', '', 0, 12, '', ''),
(647, 'llavero bombito', '', 0, 12, '', ''),
(648, 'llavero flautita', '', 0, 12, '', ''),
(649, 'llavero muñeca panzona', '', 0, 12, '', ''),
(650, 'llavero muñeca en bolsita', '', 0, 10, '', ''),
(651, 'llavero llama', '', 0, 10, '', ''),
(652, 'llavero elefantito', '', 0, 12, '', ''),
(653, 'llavero condor', '', 0, 11, '', ''),
(654, 'llavero flauta de caña', '', 0, 11, '', ''),
(655, 'llavero bolsitos ,carteras, zapatillitas', '', 0, 11, '', ''),
(656, 'imán de coya con paisaje', '', 0, 11, '', ''),
(657, 'llavero mini monedero aguayo y cuero', '', 0, 10, '', ''),
(658, 'monedero de aguayo, cuero y cierre', '', 0, 5, '', ''),
(659, 'monedero cuero pintado con dibujo', '', 0, 3, '', ''),
(660, 'llavero porongo con diseño', '', 0, 12, '', ''),
(661, 'llavero de cerámica', '', 0, 12, '', ''),
(662, 'mochila cuero y aguayo', '', 0, 1, '', ''),
(663, 'llavero colgante de barro', '', 0, 10, '', ''),
(664, 'llavero 7 pompones', '', 0, 12, '', ''),
(665, 'llavero pompones lisos', '', 0, 29, '', ''),
(666, 'llavero mini pompones ', '', 0, 12, '', ''),
(667, 'pañalera puyo', '', 0, 2, '', ''),
(668, 'llavero oveja, muñeca gordita, cuero', '', 0, 10, '', ''),
(669, 'mate bocón con pez', '', 2500, 0, '', ''),
(670, 'mate river ', '', 1950, 0, '', ''),
(671, 'mate asta cola alpaca', '', 1980, 1, '', ''),
(672, 'mate asta con cola', '', 1800, 1, '', ''),
(673, 'mate asta y alpaca corto', '', 1650, 2, '', ''),
(674, 'mate bocón con patitas hoja de yerba sin diseño', '', 2200, 1, '', ''),
(675, 'cartera mari', '', 2350, 0, '', ''),
(676, 'cartera stela', '', 2500, 0, '', ''),
(677, 'bolso de viaje', '', 3450, 2, '', ''),
(678, 'cartera andrea', '', 2220, 0, '', ''),
(679, 'cartera baúl mini', '', 1600, 1, '', ''),
(680, 'camionero cuero trenzado', '', 0, 10, '', ''),
(681, 'mate de salmón con base', '', 0, 10, '', ''),
(682, 'mate de carpincho', '', 0, 6, '', ''),
(683, 'mate cuero crudo beige', '', 0, 4, '', ''),
(684, 'mate carpincho con base de cuero', '', 0, 1, '', ''),
(685, 'mate simil cocodrilo torpedo', '', 1800, 3, '', ''),
(686, 'mate simil cocodrilo camionero', '', 1800, 6, '', ''),
(687, 'camionero super economico', '', 0, 11, '', ''),
(688, 'camionero caro', '', 0, 11, '', ''),
(689, 'torpedo virola trabajada (caro)', '', 0, 4, '', ''),
(690, 'camionero virola alpaca trabajada 3 patas', '', 0, 8, '', ''),
(691, 'torpedo cincelado caro marrón', '', 0, 1, '', ''),
(692, 'camionero con base alpaca trabajada y virola marrón', '', 0, 1, '', ''),
(693, 'camionero virola alpaca trabajada caro 4 patas', '', 0, 3, '', ''),
(695, 'carterita tejida llama', '', 380, 10, '', ''),
(696, 'llaveros artesanales cactus, llama, gorro', '', 200, 17, '', ''),
(698, 'sombrero de paño', '', 1150, 4, '', ''),
(699, 'bandeja pescado pacara y alpaca', '', 1830, 1, '', ''),
(700, 'bandeja rectangular pacara y alpaca', '', 2280, 2, '', ''),
(701, 'bandeja panera pacara 25cm octogonal ', '', 1350, 1, '', ''),
(702, 'bandeja panera pacara 30 cm octogonal', '', 1500, 1, '', ''),
(703, 'bandeja oval pacara alpaca', '', 2280, 0, '', ''),
(705, 'mate caballo', 'córdoba', 1950, 1, '', ''),
(706, 'remera misiones', '', 850, 7, '', ''),
(707, 'pareo misiones', '', 850, 4, '', ''),
(708, 'cazuela negra grande ', '', 170, 7, '', ''),
(712, 'torpedo premium nuevo  virola aluminio', 'carla', 1200, 1, '', ''),
(713, 'mate copa de cuero economico aluminio', 'carla', 790, 5, '', ''),
(716, 'bombilla nueva alpaca con diseños', '', 470, 6, '', ''),
(717, 'bombilla nueva alpaca con cactus', '', 760, 14, '', ''),
(718, 'llavero de alpaca caschy', '', 460, 1, '', ''),
(729, 'torpedo base 3 patas virola alpaca. calden', 'n9', 1150, 0, '', ''),
(730, 'bocon base 3 patas alambre doble fleje', 'n10', 1150, 1, '', ''),
(731, 'terere. calden', 'n11', 785, 2, '', ''),
(732, 'pampeano. calden', 'n12', 840, 1, '', ''),
(733, 'economico liso. calden', 'n13', 520, 1, '', ''),
(734, 'bocon 3 patas doble fleje. calden', 'n14', 1150, 0, '', ''),
(735, 'porongo doble virola. calden', 'n15', 1150, 0, '', ''),
(736, 'juego de azucarera tapa de madera. calden', 'n16', 3625, 1, '', ''),
(737, 'juego de yerba y azúcar madera y tapa alpaca. calden', 'n17', 6040, 1, '', ''),
(747, 'bandeja batea de 15 cm pacara', '', 0, 3, '', ''),
(748, 'bandeja batea de 20 cm pacara', '', 0, 2, '', ''),
(749, 'bandeja batea de 25 cm pacara', '', 0, 3, '', ''),
(750, 'bandeja batea de 30 cm pacara', '', 0, 3, '', ''),
(751, 'bandeja batea de 35 cm pacara', '', 0, 1, '', ''),
(752, 'bandeja batea de 40 cm pacara', '', 0, 1, '', ''),
(753, 'bandeja batea de 40 cm pacara ', '', 0, 1, '', ''),
(754, 'tabla de asado de 45 cm', '', 0, 1, '', ''),
(755, 'tabla de asado de 50 cm', '', 0, 1, '', ''),
(756, 'tabla de asado de 55 cm', '', 0, 1, '', ''),
(757, 'tabla pizza grande', '', 0, 1, '', ''),
(758, 'tabla de pizza grande ', '', 0, 1, '', ''),
(759, 'tabla de pizza chica', '', 0, 1, '', ''),
(760, 'copetinero redondo por 4', '', 0, 2, '', ''),
(761, 'copetinero cuadrado por  4', '', 0, 2, '', ''),
(762, 'pan tira', '', 0, 2, '', ''),
(763, 'pashmina bordada', '', 700, 5, '', ''),
(764, 'bandolera aguayo bebe coya', '', 0, 2, '', ''),
(766, 'pocillo de cafa con plato', '', 170, 4, '', ''),
(767, 'bombilla chata dia de la madre', '', 250, 32, '', ''),
(769, 'baul grande', '', 2000, 1, '', ''),
(770, 'mate calabaza con flores caraguata', '', 2700, 1, '', ''),
(771, 'bombilla nueva sin diseños', '', 440, 6, '', ''),
(772, 'torpedo cincelado alpaca y base cuero mario', '', 3750, 2, '', ''),
(773, 'torpedo imperial con bronce ', '', 3800, 4, '', ''),
(774, 'poro marron', '', 2800, 1, '', ''),
(775, 'bocon marron', '', 3800, 1, '', ''),
(776, 'bocón super grande con pez caraguatá', '', 0, 2, '', ''),
(777, 'bocon mediano con pez caraguatá', '', 0, 1, '', ''),
(778, 'bocón  redondo con pez caraguatá', '', 0, 4, '', ''),
(779, 'bocón con base y fleje caraguatá', '', 0, 6, '', ''),
(780, 'bocon grande con patas hojas caraguata', '', 0, 1, '', ''),
(781, 'bocon chico con base y riendas caraguata', '', 0, 2, '', ''),
(782, 'redondo chico con base de hojas caraguatá', '', 0, 3, '', ''),
(783, 'redondo chico con riendas caraguatá', '', 0, 2, '', ''),
(784, 'torpedo uruguayo virola alpaca lisa MARIO', '', 0, 4, '', ''),
(785, 'camionero uruguayo liso MARIO', '', 0, 3, '', ''),
(786, 'camionero uruguayo cocodrilo virola lisa MARIO', '', 0, 1, '', ''),
(787, 'torpedo uruguayo cinc MARIO', '', 0, 1, '', ''),
(788, 'camionero uruguayo cincelado MARIO', '', 0, 1, '', ''),
(789, 'imperial liso MARIO', '', 0, 1, '', ''),
(790, 'remera rio mio', '', 990, 5, '', ''),
(791, 'musculosa', '', 950, 4, '', ''),
(792, 'mochila rio mio', '', 850, 2, '', ''),
(793, 'mate torpedo de color', '', 0, 5, '', ''),
(794, 'mate camionero de color', '', 0, 25, '', ''),
(795, 'cuchara yerba de cuerno', '', 0, 12, '', ''),
(796, 'mate norte test', 'test', 123, 48, '', '');

-- --------------------------------------------------------

--
-- Estructura de tabla para la tabla `ventas`
--

CREATE TABLE `ventas` (
  `id` int(11) NOT NULL,
  `fecha` timestamp NOT NULL DEFAULT CURRENT_TIMESTAMP,
  `total` float DEFAULT NULL
) ENGINE=MyISAM DEFAULT CHARSET=latin1;

--
-- Volcado de datos para la tabla `ventas`
--

INSERT INTO `ventas` (`id`, `fecha`, `total`) VALUES
(219, '2019-10-31 22:06:19', 492),
(218, '2019-10-31 21:21:41', 350),
(217, '2019-10-31 21:19:37', 490),
(216, '2019-10-31 21:03:03', 800),
(215, '2019-10-31 20:13:42', 690),
(214, '2019-10-31 19:53:24', 400),
(213, '2019-10-31 19:51:05', 925),
(212, '2019-10-30 23:21:27', 1040),
(211, '2019-10-30 23:18:42', 12330),
(210, '2019-10-30 23:13:17', 2990),
(209, '2019-10-30 21:58:46', 1935),
(208, '2019-10-29 15:16:09', 9470),
(207, '2019-10-28 23:31:43', 13470),
(206, '2019-10-28 21:14:49', 9370),
(205, '2019-10-26 15:07:19', 6080),
(204, '2019-10-24 23:22:37', 1490),
(203, '2019-10-24 13:49:17', 5865),
(202, '2019-10-23 13:33:23', 2600),
(201, '2019-10-21 15:40:15', 83655),
(200, '2019-10-17 23:42:31', 28790),
(199, '2019-10-10 23:59:28', 5650),
(198, '2019-10-10 15:27:14', 6145),
(197, '2019-10-09 14:42:25', 16115),
(196, '2019-10-07 23:35:58', 11185),
(195, '2019-10-05 15:13:48', 19985),
(194, '2019-10-03 13:06:58', 5320),
(193, '2019-10-03 13:05:28', 12250),
(192, '2019-10-01 21:25:50', 8880),
(191, '2019-09-30 12:57:17', 27000),
(190, '2019-09-30 12:34:23', 7245),
(189, '2019-09-26 13:34:19', 7310),
(188, '2019-09-25 23:43:29', 3535),
(187, '2019-09-25 23:35:51', 9490),
(186, '2019-09-24 14:12:09', 6620),
(185, '2019-09-24 14:05:49', 11088),
(184, '2019-09-24 13:50:28', 3580),
(183, '2019-09-24 13:35:00', 17035),
(182, '2019-09-24 12:50:54', 11500),
(181, '2019-09-19 15:44:01', 15500),
(179, '2019-09-16 22:18:09', 1160),
(178, '2019-09-16 13:30:40', 16305),
(177, '2019-09-14 20:44:27', 9265),
(176, '2019-09-14 20:40:12', 12295),
(175, '2019-09-14 13:56:58', 645),
(174, '2019-09-14 13:56:00', 765),
(173, '2019-09-11 23:36:39', 16930),
(172, '2019-09-11 14:35:49', 14570),
(171, '2019-09-10 20:26:23', 1600),
(170, '2019-09-10 20:25:52', 11260),
(169, '2019-09-09 14:02:45', 21390),
(168, '2019-09-09 13:58:20', 26140),
(167, '2019-09-04 23:42:43', 5445),
(166, '2019-09-03 23:20:24', 19600),
(165, '2019-09-03 23:17:01', 11225),
(164, '2019-08-30 23:32:09', 13665),
(163, '2019-08-30 22:59:14', 12180),
(162, '2019-08-27 22:51:42', 9825),
(161, '2019-08-27 22:08:06', 1135),
(160, '2019-08-26 13:18:59', 14312),
(159, '2019-08-26 13:10:43', 162),
(158, '2019-08-21 23:10:24', 9949),
(157, '2019-08-21 13:04:48', 11830),
(156, '2019-08-17 14:09:04', 9555),
(155, '2019-08-16 15:44:27', 2400),
(154, '2019-08-15 11:55:53', 14874),
(153, '2019-08-14 00:14:52', 28805),
(152, '2019-08-12 13:52:38', 17585),
(151, '2019-08-10 23:58:40', 8956),
(150, '2019-08-09 12:55:40', 3360),
(149, '2019-08-09 12:54:21', 7795),
(148, '2019-08-09 12:49:45', 7165),
(147, '2019-08-07 13:23:04', 4280),
(146, '2019-08-06 13:51:44', 12830),
(145, '2019-08-05 14:22:28', 18419),
(144, '2019-08-05 13:45:14', 58030),
(143, '2019-08-04 23:46:55', 11200),
(142, '2019-08-03 19:59:27', 54806),
(141, '2019-08-03 14:26:19', 3150),
(140, '2019-08-03 14:25:29', 490),
(139, '2019-08-03 14:25:06', 5650),
(138, '2019-08-03 14:22:00', 210),
(137, '2019-08-02 12:39:46', 34192),
(136, '2019-07-30 23:40:05', 7217),
(135, '2019-07-29 23:36:40', 3439),
(134, '2019-07-27 13:24:19', 10028),
(133, '2019-07-27 13:00:03', 13477),
(132, '2019-07-23 23:32:14', 7159),
(131, '2019-07-23 15:21:20', 8449),
(130, '2019-07-20 23:35:23', 10669),
(129, '2019-07-20 12:57:08', 17219),
(128, '2019-07-19 12:35:42', 11175),
(127, '2019-07-17 23:41:49', 8298),
(126, '2019-07-16 23:30:11', 6344),
(125, '2019-07-16 19:55:46', 540),
(124, '2019-07-15 23:46:31', 13050),
(123, '2019-07-15 13:12:15', 10800),
(122, '2019-07-13 15:23:27', 38693),
(121, '2019-07-11 23:55:49', 21391),
(120, '2019-07-10 23:38:23', 8330),
(119, '2019-07-08 23:34:18', 11230),
(118, '2019-07-08 12:56:06', 13580),
(117, '2019-07-06 22:51:28', 550),
(116, '2019-07-06 22:48:57', 6710),
(115, '2019-07-04 23:29:56', 6940);

--
-- Índices para tablas volcadas
--

--
-- Indices de la tabla `detalle_ventas`
--
ALTER TABLE `detalle_ventas`
  ADD PRIMARY KEY (`id`);

--
-- Indices de la tabla `entradas`
--
ALTER TABLE `entradas`
  ADD PRIMARY KEY (`id`);

--
-- Indices de la tabla `productos`
--
ALTER TABLE `productos`
  ADD PRIMARY KEY (`id`);

--
-- Indices de la tabla `ventas`
--
ALTER TABLE `ventas`
  ADD PRIMARY KEY (`id`);

--
-- AUTO_INCREMENT de las tablas volcadas
--

--
-- AUTO_INCREMENT de la tabla `detalle_ventas`
--
ALTER TABLE `detalle_ventas`
  MODIFY `id` int(11) NOT NULL AUTO_INCREMENT, AUTO_INCREMENT=1878;
--
-- AUTO_INCREMENT de la tabla `entradas`
--
ALTER TABLE `entradas`
  MODIFY `id` int(11) NOT NULL AUTO_INCREMENT, AUTO_INCREMENT=148;
--
-- AUTO_INCREMENT de la tabla `productos`
--
ALTER TABLE `productos`
  MODIFY `id` int(11) NOT NULL AUTO_INCREMENT, AUTO_INCREMENT=797;
--
-- AUTO_INCREMENT de la tabla `ventas`
--
ALTER TABLE `ventas`
  MODIFY `id` int(11) NOT NULL AUTO_INCREMENT, AUTO_INCREMENT=220;
/*!40101 SET CHARACTER_SET_CLIENT=@OLD_CHARACTER_SET_CLIENT */;
/*!40101 SET CHARACTER_SET_RESULTS=@OLD_CHARACTER_SET_RESULTS */;
/*!40101 SET COLLATION_CONNECTION=@OLD_COLLATION_CONNECTION */;
